Date,Price,Open,High,Low,Vol.
15-Jun-23,"24,953.50","25,129.50","25,205.70","24,862.20",73.12K
14-Jun-23,"25,129.50","25,929.00","26,051.70","24,847.40",60.82K
13-Jun-23,"25,929.40","25,906.90","26,428.90","25,726.40",56.24K
12-Jun-23,"25,906.80","25,927.90","26,080.70","25,635.00",40.75K
11-Jun-23,"25,928.40","25,843.30","26,190.10","25,660.80",39.20K
10-Jun-23,"25,844.00","26,479.30","26,525.10","25,468.30",83.57K
9-Jun-23,"26,479.30","26,501.10","26,773.90","26,326.70",38.96K
8-Jun-23,"26,501.10","26,341.80","26,784.40","26,231.30",39.95K
7-Jun-23,"26,342.50","27,230.20","27,342.00","26,141.00",77.48K
6-Jun-23,"27,230.20","25,745.60","27,325.20","25,425.60",88.61K
5-Jun-23,"25,747.40","27,122.30","27,125.50","25,437.50",85.42K
4-Jun-23,"27,122.30","27,070.90","27,410.20","26,956.10",23.81K
3-Jun-23,"27,072.00","27,246.00","27,317.50","26,931.40",20.62K
2-Jun-23,"27,244.70","26,819.00","27,299.40","26,541.30",49.37K
1-Jun-23,"26,819.00","27,216.40","27,340.90","26,662.30",51.98K
31-May-23,"27,216.10","27,696.90","27,825.00","26,865.10",63.08K
30-May-23,"27,698.20","27,738.90","28,033.60","27,583.80",45.19K
29-May-23,"27,739.40","28,068.40","28,431.20","27,548.80",54.56K
28-May-23,"28,071.20","26,855.30","28,181.90","26,788.50",55.23K
27-May-23,"26,857.50","26,711.20","26,882.90","26,591.20",18.68K
26-May-23,"26,711.50","26,475.50","26,911.60","26,330.00",45.88K
25-May-23,"26,475.80","26,327.10","26,589.20","25,892.50",50.17K
24-May-23,"26,328.40","27,220.70","27,220.70","26,088.70",72.65K
23-May-23,"27,220.70","26,851.60","27,448.10","26,804.10",50.89K
22-May-23,"26,847.30","26,749.90","27,048.90","26,546.10",35.56K
21-May-23,"26,749.90","27,116.20","27,257.10","26,677.60",27.42K
20-May-23,"27,116.20","26,883.00","27,147.20","26,831.30",17.72K
19-May-23,"26,882.90","26,828.20","27,154.70","26,711.30",36.67K
18-May-23,"26,828.00","27,403.80","27,467.00","26,449.80",63.39K
17-May-23,"27,403.10","27,035.50","27,465.30","26,597.70",58.14K
16-May-23,"27,035.30","27,183.90","27,295.30","26,881.90",45.29K
15-May-23,"27,183.90","26,920.40","27,651.70","26,752.10",53.27K
14-May-23,"26,920.00","26,777.40","27,176.10","26,609.90",26.35K
13-May-23,"26,777.50","26,798.70","27,011.90","26,695.60",27.95K
12-May-23,"26,799.20","26,983.10","27,044.00","25,853.10",87.49K
11-May-23,"26,983.50","27,604.30","27,607.40","26,766.20",62.85K
10-May-23,"27,603.30","27,634.30","28,311.70","26,885.70",91.45K
9-May-23,"27,634.90","27,670.50","27,816.00","27,366.30",49.75K
8-May-23,"27,670.50","28,424.80","28,627.80","27,280.30",85.72K
7-May-23,"28,424.80","28,857.10","29,122.00","28,419.60",36.50K
6-May-23,"28,857.10","29,512.80","29,816.40","28,414.90",58.94K
5-May-23,"29,513.20","28,842.20","29,653.90","28,825.30",74.52K
4-May-23,"28,842.10","29,023.60","29,352.70","28,687.40",53.80K
3-May-23,"29,023.60","28,669.10","29,244.70","28,164.40",81.22K
2-May-23,"28,669.10","28,079.00","28,877.40","27,913.20",65.33K
1-May-23,"28,077.60","29,252.10","29,329.60","27,685.90",84.36K
30-Apr-23,"29,252.10","29,235.10","29,941.30","29,095.00",47.62K
29-Apr-23,"29,234.10","29,318.40","29,425.50","29,058.50",25.72K
28-Apr-23,"29,321.80","29,475.90","29,587.20","28,927.80",69.88K
27-Apr-23,"29,475.90","28,424.50","29,859.80","28,392.40",121.63K
26-Apr-23,"28,424.60","28,298.80","29,995.70","27,307.80",164.31K
25-Apr-23,"28,298.80","27,510.10","28,375.60","27,201.10",65.31K
24-Apr-23,"27,509.30","27,591.40","27,978.80","27,054.30",66.74K
23-Apr-23,"27,591.40","27,813.80","27,815.00","27,388.50",41.77K
22-Apr-23,"27,813.90","27,264.80","27,872.00","27,165.70",44.30K
21-Apr-23,"27,264.80","28,240.50","28,353.40","27,171.10",98.72K
20-Apr-23,"28,240.50","28,813.70","29,082.10","28,032.40",95.45K
19-Apr-23,"28,813.70","30,382.20","30,408.40","28,641.10",111.27K
18-Apr-23,"30,382.20","29,434.10","30,470.10","29,149.20",76.58K
17-Apr-23,"29,434.90","30,310.80","30,312.20","29,274.00",71.90K
16-Apr-23,"30,310.30","30,299.20","30,545.30","30,134.60",34.48K
15-Apr-23,"30,299.60","30,472.60","30,586.50","30,208.80",31.71K
14-Apr-23,"30,472.50","30,387.40","30,964.90","30,026.00",98.38K
13-Apr-23,"30,387.40","29,892.40","30,524.10","29,864.50",65.87K
12-Apr-23,"29,886.40","30,209.80","30,473.00","29,679.50",78.69K
11-Apr-23,"30,209.60","29,641.00","30,484.60","29,597.80",89.38K
10-Apr-23,"29,641.00","28,326.50","29,755.40","28,182.90",85.73K
9-Apr-23,"28,326.60","27,941.20","28,522.70","27,809.20",39.35K
8-Apr-23,"27,941.20","27,910.40","28,153.10","27,863.80",23.73K
7-Apr-23,"27,910.40","28,037.60","28,102.50","27,779.40",30.94K
6-Apr-23,"28,036.70","28,173.50","28,173.50","27,734.50",51.29K
5-Apr-23,"28,173.50","28,164.40","28,744.40","27,823.50",77.32K
4-Apr-23,"28,164.40","27,802.20","28,429.10","27,668.90",64.06K
3-Apr-23,"27,802.10","28,194.70","28,458.40","27,256.90",98.00K
2-Apr-23,"28,198.30","28,456.10","28,522.80","27,871.70",45.04K
1-Apr-23,"28,456.10","28,473.70","28,795.10","28,285.60",38.09K
31-Mar-23,"28,473.70","28,029.30","28,646.30","27,587.50",98.44K
30-Mar-23,"28,029.50","28,350.30","29,160.40","27,716.70",122.51K
29-Mar-23,"28,350.40","27,262.90","28,627.40","27,249.80",109.32K
28-Mar-23,"27,262.20","27,127.80","27,465.00","26,665.60",94.16K
27-Mar-23,"27,129.80","27,974.80","28,023.30","26,611.50",107.24K
26-Mar-23,"27,973.50","27,474.90","28,153.70","27,429.10",60.64K
25-Mar-23,"27,475.60","27,462.20","27,761.90","27,176.70",61.36K
24-Mar-23,"27,462.20","28,306.90","28,374.50","27,026.50",110.36K
23-Mar-23,"28,310.70","27,262.80","28,734.10","27,144.60",158.46K
22-Mar-23,"27,261.70","28,114.20","28,760.30","26,668.70",262.03K
21-Mar-23,"28,114.00","27,719.80","28,437.80","27,350.60",438.78K
20-Mar-23,"27,720.50","27,958.90","28,457.80","27,157.00",503.90K
19-Mar-23,"27,958.70","26,914.50","28,347.30","26,844.60",393.27K
18-Mar-23,"26,914.50","27,391.90","27,659.10","26,688.70",392.47K
17-Mar-23,"27,391.80","25,004.40","27,742.20","24,900.10",674.96K
16-Mar-23,"25,004.10","24,283.20","25,139.00","24,147.90",462.58K
15-Mar-23,"24,282.70","24,699.60","25,108.90","23,932.40",614.31K
14-Mar-23,"24,699.70","24,121.50","26,365.90","23,994.60",753.06K
13-Mar-23,"24,114.40","21,994.80","24,406.20","21,859.60",733.63K
12-Mar-23,"21,994.80","20,465.00","22,028.60","20,294.20",455.69K
11-Mar-23,"20,467.50","20,156.50","20,669.50","19,796.70",453.46K
10-Mar-23,"20,156.70","20,362.00","20,362.60","19,591.80",655.27K
9-Mar-23,"20,361.80","21,710.80","21,826.50","20,079.60",468.76K
8-Mar-23,"21,710.80","22,197.80","22,274.30","21,661.30",316.51K
7-Mar-23,"22,197.80","22,410.10","22,535.10","21,968.60",304.75K
6-Mar-23,"22,410.00","22,428.20","22,595.40","22,320.10",215.31K
5-Mar-23,"22,428.30","22,347.10","22,636.70","22,213.50",160.57K
4-Mar-23,"22,347.10","22,354.70","22,403.70","22,167.40",123.93K
3-Mar-23,"22,354.40","23,465.60","23,473.40","22,051.90",344.63K
2-Mar-23,"23,465.40","23,642.20","23,780.50","23,208.70",249.26K
1-Mar-23,"23,642.20","23,130.60","23,914.10","23,025.30",328.77K
28-Feb-23,"23,130.50","23,494.00","23,595.00","23,033.80",275.10K
27-Feb-23,"23,494.10","23,558.70","23,876.20","23,166.80",297.65K
26-Feb-23,"23,558.70","23,166.10","23,671.80","23,066.00",209.12K
25-Feb-23,"23,166.10","23,191.30","23,215.30","22,777.40",198.35K
24-Feb-23,"23,191.50","23,936.40","24,123.40","22,970.30",367.99K
23-Feb-23,"23,936.30","24,186.60","24,590.40","23,637.90",417.46K
22-Feb-23,"24,186.60","24,450.70","24,474.30","23,593.40",400.24K
21-Feb-23,"24,450.70","24,839.50","25,236.80","24,160.80",395.97K
20-Feb-23,"24,839.50","24,302.80","25,085.40","23,868.60",363.02K
19-Feb-23,"24,302.90","24,631.30","25,175.20","24,273.70",312.64K
18-Feb-23,"24,631.40","24,573.50","24,838.90","24,457.00",223.77K
17-Feb-23,"24,573.50","23,538.20","24,984.70","23,373.00",523.85K
16-Feb-23,"23,539.60","24,328.10","25,233.80","23,525.90",484.50K
15-Feb-23,"24,327.90","22,198.50","24,330.90","22,050.80",401.53K
14-Feb-23,"22,198.50","21,776.90","22,308.60","21,556.20",378.39K
13-Feb-23,"21,772.60","21,782.70","21,887.50","21,418.70",312.04K
12-Feb-23,"21,786.80","21,859.90","22,080.70","21,653.10",211.65K
11-Feb-23,"21,859.80","21,627.40","21,902.90","21,605.30",182.07K
10-Feb-23,"21,635.00","21,792.50","21,933.60","21,491.70",352.79K
9-Feb-23,"21,792.50","22,964.60","23,003.60","21,744.60",425.44K
8-Feb-23,"22,964.60","23,251.70","23,425.10","22,691.70",289.12K
7-Feb-23,"23,251.70","22,761.80","23,338.80","22,748.20",318.98K
6-Feb-23,"22,761.80","22,936.00","23,130.60","22,633.70",278.58K
5-Feb-23,"22,936.00","23,326.90","23,423.40","22,766.50",217.26K
4-Feb-23,"23,323.80","23,431.20","23,571.80","23,269.80",170.27K
3-Feb-23,"23,431.20","23,429.10","23,694.10","23,233.80",349.36K
2-Feb-23,"23,427.60","23,726.20","24,207.20","23,398.10",382.86K
1-Feb-23,"23,725.60","23,124.70","23,784.50","22,809.60",333.18K
31-Jan-23,"23,125.10","22,832.20","23,262.90","22,724.90",289.38K
30-Jan-23,"22,832.20","23,746.00","23,794.00","22,560.00",339.62K
29-Jan-23,"23,753.10","23,023.50","23,952.90","22,973.30",320.86K
28-Jan-23,"23,027.90","23,074.60","23,182.30","22,889.80",156.96K
27-Jan-23,"23,074.60","23,016.00","23,480.30","22,602.90",310.36K
26-Jan-23,"23,016.00","23,055.20","23,259.50","22,869.00",320.97K
25-Jan-23,"23,055.10","22,632.50","23,779.00","22,366.30",388.18K
24-Jan-23,"22,632.50","22,916.30","23,156.10","22,517.10",334.17K
23-Jan-23,"22,915.50","22,709.00","23,161.80","22,527.90",327.85K
22-Jan-23,"22,707.80","22,775.70","23,068.70","22,323.00",280.64K
21-Jan-23,"22,775.70","22,677.50","23,304.50","22,461.10",382.69K
20-Jan-23,"22,677.20","21,074.90","22,718.50","20,879.30",373.74K
19-Jan-23,"21,081.20","20,670.60","21,169.40","20,669.70",275.76K
18-Jan-23,"20,670.60","21,137.10","21,584.10","20,448.30",388.67K
17-Jan-23,"21,137.10","21,184.40","21,506.40","20,926.20",310.04K
16-Jan-23,"21,184.20","20,880.10","21,416.80","20,698.90",337.46K
15-Jan-23,"20,879.80","20,956.00","21,032.20","20,585.70",205.80K
14-Jan-23,"20,958.20","19,926.90","21,185.60","19,898.60",458.21K
13-Jan-23,"19,927.00","18,850.80","19,981.60","18,723.80",426.67K
12-Jan-23,"18,851.30","17,941.00","19,055.30","17,915.50",522.01K
11-Jan-23,"17,942.30","17,440.50","17,989.80","17,323.90",291.53K
10-Jan-23,"17,439.10","17,180.10","17,491.00","17,151.70",247.14K
9-Jan-23,"17,180.10","17,119.00","17,390.80","17,107.10",301.24K
8-Jan-23,"17,119.00","16,943.60","17,119.00","16,913.80",144.84K
7-Jan-23,"16,943.60","16,950.90","16,979.60","16,909.70",110.48K
6-Jan-23,"16,950.90","16,829.80","17,012.30","16,707.60",233.47K
5-Jan-23,"16,829.80","16,852.20","16,877.90","16,772.30",178.96K
4-Jan-23,"16,852.10","16,674.20","16,976.50","16,656.50",247.39K
3-Jan-23,"16,674.20","16,673.10","16,773.20","16,607.20",178.73K
2-Jan-23,"16,674.30","16,618.40","16,766.90","16,551.00",136.03K
1-Jan-23,"16,618.40","16,537.50","16,621.90","16,499.70",107.84K
31-Dec-22,"16,537.40","16,607.20","16,635.90","16,487.30",130.44K
30-Dec-22,"16,607.20","16,636.40","16,644.40","16,360.00",192.76K
29-Dec-22,"16,636.40","16,546.20","16,659.10","16,496.60",181.47K
28-Dec-22,"16,546.20","16,705.90","16,781.10","16,474.20",217.96K
27-Dec-22,"16,706.10","16,918.20","16,964.00","16,610.10",192.18K
26-Dec-22,"16,918.10","16,831.80","16,936.10","16,799.40",133.36K
25-Dec-22,"16,831.80","16,835.70","16,852.90","16,733.00",132.89K
24-Dec-22,"16,837.20","16,778.60","16,855.80","16,777.80",110.12K
23-Dec-22,"16,779.10","16,820.50","16,910.70","16,768.00",184.12K
22-Dec-22,"16,820.60","16,831.80","16,862.20","16,566.10",198.28K
21-Dec-22,"16,831.80","16,902.70","16,919.40","16,735.00",174.34K
20-Dec-22,"16,902.80","16,441.30","17,031.30","16,400.70",284.57K
19-Dec-22,"16,441.30","16,741.10","16,809.50","16,331.20",207.93K
18-Dec-22,"16,741.10","16,777.00","16,825.70","16,666.50",124.29K
17-Dec-22,"16,777.10","16,629.00","16,794.40","16,587.00",164.49K
16-Dec-22,"16,629.60","17,356.70","17,518.50","16,542.40",303.56K
15-Dec-22,"17,356.10","17,796.40","17,846.10","17,298.20",263.44K
14-Dec-22,"17,796.40","17,778.60","18,351.80","17,682.10",318.98K
13-Dec-22,"17,778.60","17,210.90","17,951.60","17,094.50",328.71K
12-Dec-22,"17,210.40","17,093.20","17,232.50","16,878.50",249.39K
11-Dec-22,"17,093.30","17,127.00","17,262.90","17,080.60",167.20K
10-Dec-22,"17,127.20","17,125.70","17,220.50","17,105.70",148.81K
9-Dec-22,"17,125.70","17,225.60","17,288.60","17,082.10",260.84K
8-Dec-22,"17,225.70","16,835.20","17,294.20","16,765.80",261.64K
7-Dec-22,"16,835.20","17,089.40","17,126.70","16,715.30",244.36K
6-Dec-22,"17,089.30","16,966.30","17,101.10","16,914.90",246.19K
5-Dec-22,"16,966.50","17,106.90","17,395.20","16,886.90",268.72K
4-Dec-22,"17,112.60","16,884.80","17,198.10","16,881.60",197.12K
3-Dec-22,"16,884.50","17,093.40","17,132.60","16,862.10",169.29K
2-Dec-22,"17,093.60","16,972.20","17,096.20","16,799.90",227.01K
1-Dec-22,"16,972.00","17,163.40","17,244.70","16,868.90",266.14K
30-Nov-22,"17,163.90","16,440.80","17,215.50","16,433.20",348.22K
29-Nov-22,"16,440.40","16,211.90","16,531.40","16,100.10",271.58K
28-Nov-22,"16,211.70","16,426.10","16,481.40","16,013.50",284.84K
27-Nov-22,"16,425.60","16,456.40","16,595.40","16,414.60",173.25K
26-Nov-22,"16,456.50","16,512.30","16,686.30","16,387.90",194.94K
25-Nov-22,"16,512.30","16,600.60","16,611.80","16,360.90",204.07K
24-Nov-22,"16,601.20","16,604.90","16,785.60","16,472.00",229.59K
23-Nov-22,"16,623.90","16,216.90","16,677.60","16,162.30",305.08K
22-Nov-22,"16,212.90","15,776.60","16,274.60","15,620.40",287.21K
21-Nov-22,"15,776.20","16,278.60","16,287.90","15,504.20",372.15K
20-Nov-22,"16,286.70","16,699.30","16,749.30","16,209.20",172.83K
19-Nov-22,"16,699.20","16,652.20","16,814.90","16,608.90",114.89K
18-Nov-22,"16,638.30","16,715.40","16,846.30","16,553.00",241.96K
17-Nov-22,"16,691.20","16,540.50","16,739.70","16,425.80",257.00K
16-Nov-22,"16,540.50","16,895.40","16,993.40","16,408.20",295.73K
15-Nov-22,"16,895.10","16,615.00","17,112.00","16,543.90",337.15K
14-Nov-22,"16,613.70","16,325.00","17,158.40","15,834.00",442.46K
13-Nov-22,"16,324.50","16,803.90","16,946.50","16,274.90",210.80K
12-Nov-22,"16,795.20","17,049.90","17,100.80","16,633.90",192.91K
11-Nov-22,"17,049.90","17,589.10","17,679.40","16,435.50",466.35K
10-Nov-22,"17,589.10","15,887.00","18,138.20","15,799.30",720.74K
9-Nov-22,"15,886.90","18,538.90","18,583.80","15,603.30",869.57K
8-Nov-22,"18,527.40","20,589.00","20,667.50","17,260.00",865.10K
7-Nov-22,"20,589.00","20,916.30","21,055.40","20,410.50",414.24K
6-Nov-22,"20,916.30","21,298.70","21,360.40","20,901.00",242.26K
5-Nov-22,"21,301.60","21,145.70","21,464.70","21,084.10",261.23K
4-Nov-22,"21,145.90","20,206.40","21,281.90","20,184.60",499.50K
3-Nov-22,"20,206.40","20,154.00","20,384.50","20,066.60",347.23K
2-Nov-22,"20,154.40","20,482.90","20,778.30","20,065.80",420.23K
1-Nov-22,"20,483.50","20,496.10","20,676.60","20,348.10",302.72K
31-Oct-22,"20,496.30","20,626.00","20,822.40","20,260.00",327.47K
30-Oct-22,"20,626.30","20,809.40","20,922.30","20,522.50",207.63K
29-Oct-22,"20,809.80","20,594.20","21,038.10","20,561.90",276.54K
28-Oct-22,"20,594.40","20,293.00","20,744.00","20,058.20",318.90K
27-Oct-22,"20,292.90","20,769.50","20,867.90","20,231.60",365.49K
26-Oct-22,"20,769.50","20,086.80","20,981.50","20,062.90",427.99K
25-Oct-22,"20,082.70","19,331.80","20,406.90","19,249.00",371.54K
24-Oct-22,"19,331.50","19,571.20","19,588.60","19,177.20",286.94K
23-Oct-22,"19,571.20","19,204.80","19,680.90","19,092.50",180.63K
22-Oct-22,"19,204.80","19,162.60","19,249.90","19,116.10",118.24K
21-Oct-22,"19,162.60","19,042.90","19,245.50","18,703.30",294.66K
20-Oct-22,"19,042.90","19,125.10","19,334.50","18,935.60",253.20K
19-Oct-22,"19,123.90","19,328.20","19,358.60","19,101.20",209.28K
18-Oct-22,"19,328.20","19,548.40","19,692.90","19,102.80",290.07K
17-Oct-22,"19,548.20","19,262.20","19,663.50","19,163.60",248.40K
16-Oct-22,"19,261.90","19,068.80","19,411.90","19,066.00",140.95K
15-Oct-22,"19,068.70","19,181.70","19,218.70","19,000.80",123.66K
14-Oct-22,"19,181.80","19,379.80","19,933.90","19,098.60",400.45K
13-Oct-22,"19,379.80","19,154.60","19,494.40","18,207.90",455.13K
12-Oct-22,"19,154.80","19,058.50","19,212.60","19,010.60",242.18K
11-Oct-22,"19,059.10","19,134.30","19,261.30","18,868.70",288.57K
10-Oct-22,"19,134.60","19,441.70","19,520.70","19,057.00",243.77K
9-Oct-22,"19,441.00","19,416.30","19,552.10","19,329.60",127.53K
8-Oct-22,"19,415.00","19,530.20","19,612.20","19,274.70",113.50K
7-Oct-22,"19,531.30","19,962.40","20,051.40","19,352.10",263.50K
6-Oct-22,"19,956.70","20,157.50","20,436.70","19,873.70",370.60K
5-Oct-22,"20,157.50","20,340.50","20,353.80","19,761.70",352.76K
4-Oct-22,"20,340.20","19,629.70","20,436.10","19,506.40",368.17K
3-Oct-22,"19,628.30","19,057.60","19,676.00","19,001.30",333.03K
2-Oct-22,"19,052.20","19,311.90","19,389.90","18,937.30",222.82K
1-Oct-22,"19,311.90","19,422.90","19,480.30","19,172.60",173.91K
30-Sep-22,"19,423.00","19,593.40","20,174.90","19,208.90",490.29K
29-Sep-22,"19,593.00","19,420.20","19,631.50","18,877.90",449.57K
28-Sep-22,"19,411.00","19,083.40","19,757.80","18,505.30",581.19K
27-Sep-22,"19,081.00","19,228.80","20,361.20","18,850.40",660.12K
26-Sep-22,"19,225.70","18,803.10","19,304.80","18,695.20",516.03K
25-Sep-22,"18,803.20","18,925.10","19,125.10","18,659.60",209.71K
24-Sep-22,"18,925.20","19,288.40","19,310.60","18,812.00",258.50K
23-Sep-22,"19,293.50","19,404.10","19,477.30","18,554.80",431.15K
22-Sep-22,"19,404.00","18,488.10","19,490.90","18,371.00",448.63K
21-Sep-22,"18,489.00","18,875.10","19,758.40","18,191.80",446.85K
20-Sep-22,"18,872.40","19,538.90","19,626.30","18,742.60",361.18K
19-Sep-22,"19,538.90","19,417.40","19,666.60","18,277.80",423.43K
18-Sep-22,"19,418.80","20,113.90","20,113.90","19,347.70",273.11K
17-Sep-22,"20,113.50","19,802.80","20,178.60","19,761.00",204.58K
16-Sep-22,"19,802.40","19,701.90","19,883.00","19,352.90",315.59K
15-Sep-22,"19,701.70","20,222.30","20,321.40","19,532.30",358.42K
14-Sep-22,"20,222.50","20,175.50","20,503.70","19,654.20",374.22K
13-Sep-22,"20,175.50","22,395.30","22,702.50","19,909.60",485.32K
12-Sep-22,"22,395.30","21,836.60","22,465.40","21,581.60",431.98K
11-Sep-22,"21,834.90","21,650.40","21,836.40","21,363.00",297.12K
10-Sep-22,"21,650.40","21,363.80","21,790.60","21,139.90",331.12K
9-Sep-22,"21,365.20","19,318.80","21,545.70","19,294.10",480.37K
8-Sep-22,"19,317.40","19,281.50","19,444.70","19,034.50",291.43K
7-Sep-22,"19,281.50","18,786.30","19,445.90","18,548.40",319.10K
6-Sep-22,"18,786.40","19,793.40","20,169.30","18,723.30",402.43K
5-Sep-22,"19,793.10","19,999.90","20,042.90","19,650.70",238.71K
4-Sep-22,"19,999.90","19,832.20","20,017.80","19,594.70",158.27K
3-Sep-22,"19,831.40","19,952.80","20,043.80","19,660.70",157.85K
2-Sep-22,"19,952.70","20,131.60","20,428.20","19,764.70",272.22K
1-Sep-22,"20,126.10","20,049.90","20,202.70","19,584.40",275.08K
31-Aug-22,"20,043.90","19,793.40","20,469.10","19,793.40",318.17K
30-Aug-22,"19,792.60","20,295.60","20,558.20","19,559.70",308.41K
29-Aug-22,"20,295.80","19,551.30","20,394.50","19,551.20",248.04K
28-Aug-22,"19,550.20","20,034.20","20,150.80","19,542.90",159.60K
27-Aug-22,"20,033.90","20,249.90","20,343.60","19,849.80",187.34K
26-Aug-22,"20,249.90","21,564.20","21,815.30","20,122.40",322.16K
25-Aug-22,"21,565.40","21,365.40","21,801.20","21,324.80",190.15K
24-Aug-22,"21,365.20","21,516.20","21,832.30","21,171.10",202.40K
23-Aug-22,"21,517.20","21,416.50","21,661.00","20,919.60",228.65K
22-Aug-22,"21,416.30","21,516.80","21,517.40","20,912.10",251.83K
21-Aug-22,"21,517.20","21,138.90","21,692.40","21,077.40",177.52K
20-Aug-22,"21,138.90","20,830.70","21,357.40","20,784.80",206.94K
19-Aug-22,"20,831.30","23,201.60","23,202.30","20,807.80",339.47K
18-Aug-22,"23,203.60","23,337.70","23,578.00","23,131.30",160.97K
17-Aug-22,"23,338.00","23,855.80","24,423.50","23,191.60",239.53K
16-Aug-22,"23,856.80","24,102.60","24,240.80","23,693.80",201.70K
15-Aug-22,"24,101.70","24,303.30","25,205.70","23,784.50",279.28K
14-Aug-22,"24,302.80","24,442.10","24,997.30","24,172.20",177.25K
13-Aug-22,"24,442.50","24,398.90","24,882.90","24,318.70",170.59K
12-Aug-22,"24,398.70","23,935.30","24,440.80","23,616.40",194.96K
11-Aug-22,"23,935.30","23,963.30","24,873.50","23,864.00",285.36K
10-Aug-22,"23,962.90","23,150.30","24,209.90","22,714.70",243.61K
9-Aug-22,"23,146.70","23,818.10","23,912.00","22,886.50",169.62K
8-Aug-22,"23,816.30","23,175.30","24,234.10","23,160.60",197.94K
7-Aug-22,"23,175.30","22,944.20","23,387.70","22,852.30",99.36K
6-Aug-22,"22,944.20","23,308.20","23,344.40","22,923.60",94.44K
5-Aug-22,"23,308.20","22,613.30","23,447.60","22,593.50",208.90K
4-Aug-22,"22,612.10","22,822.20","23,214.50","22,438.70",181.19K
3-Aug-22,"22,820.80","22,988.70","23,623.70","22,698.60",174.66K
2-Aug-22,"22,988.60","23,271.10","23,423.30","22,670.80",177.30K
1-Aug-22,"23,271.20","23,303.40","23,484.40","22,863.80",162.33K
31-Jul-22,"23,303.40","23,634.20","24,179.30","23,236.20",138.84K
30-Jul-22,"23,634.20","23,774.20","24,605.30","23,521.80",168.72K
29-Jul-22,"23,774.30","23,850.20","24,340.00","23,451.40",221.66K
28-Jul-22,"23,850.00","22,957.70","24,190.50","22,611.60",268.32K
27-Jul-22,"22,958.30","21,248.00","23,027.80","21,047.50",242.66K
26-Jul-22,"21,248.70","21,301.60","21,322.30","20,737.30",201.57K
25-Jul-22,"21,301.90","22,582.30","22,653.30","21,275.40",206.93K
24-Jul-22,"22,582.10","22,449.80","22,987.90","22,281.30",126.66K
23-Jul-22,"22,460.40","22,683.60","22,991.00","21,971.70",137.42K
22-Jul-22,"22,675.20","23,150.00","23,741.40","22,524.20",197.54K
21-Jul-22,"23,153.00","23,219.90","23,403.80","22,360.20",217.08K
20-Jul-22,"23,215.20","23,412.00","24,258.00","22,944.40",281.31K
19-Jul-22,"23,410.20","22,529.30","23,757.30","21,581.80",308.91K
18-Jul-22,"22,525.80","20,785.60","22,714.90","20,770.60",279.72K
17-Jul-22,"20,785.60","21,209.80","21,654.40","20,755.20",132.81K
16-Jul-22,"21,209.90","20,825.20","21,561.30","20,484.40",136.89K
15-Jul-22,"20,825.10","20,586.10","21,178.10","20,393.40",164.67K
14-Jul-22,"20,586.00","20,250.00","20,862.20","19,664.90",205.28K
13-Jul-22,"20,250.00","19,331.60","20,250.80","18,942.20",249.38K
12-Jul-22,"19,330.90","19,963.20","20,051.70","19,279.60",167.91K
11-Jul-22,"19,963.20","20,847.20","20,855.00","19,897.00",160.20K
10-Jul-22,"20,847.40","21,587.40","21,599.20","20,689.70",204.68K
9-Jul-22,"21,587.50","21,610.40","21,944.10","21,338.40",190.11K
8-Jul-22,"21,611.20","21,637.10","22,482.10","21,207.00",439.90K
7-Jul-22,"21,637.80","20,557.90","21,817.80","20,282.70",115.81K
6-Jul-22,"20,561.10","20,180.40","20,654.90","19,785.30",105.24K
5-Jul-22,"20,200.60","20,215.80","20,706.90","19,315.40",122.43K
4-Jul-22,"20,215.80","19,310.60","20,303.80","19,052.50",92.79K
3-Jul-22,"19,309.90","19,243.40","19,626.40","18,794.40",65.27K
2-Jul-22,"19,243.20","19,275.40","19,425.40","19,006.40",58.57K
1-Jul-22,"19,262.90","19,926.60","20,785.60","18,980.10",150.18K
30-Jun-22,"19,926.60","20,111.30","20,155.10","18,682.70",127.73K
29-Jun-22,"20,111.30","20,278.00","20,415.80","19,880.70",98.97K
28-Jun-22,"20,278.00","20,727.90","21,200.20","20,210.50",83.83K
27-Jun-22,"20,730.20","21,037.70","21,497.50","20,568.00",84.69K
26-Jun-22,"21,043.50","21,489.90","21,837.40","20,989.70",67.21K
25-Jun-22,"21,489.90","21,226.90","21,553.40","20,917.50",66.63K
24-Jun-22,"21,226.90","21,100.90","21,488.70","20,743.90",104.56K
23-Jun-22,"21,100.70","19,967.30","21,189.80","19,907.50",110.70K
22-Jun-22,"19,965.80","20,720.20","20,864.30","19,780.20",125.94K
21-Jun-22,"20,720.40","20,571.60","21,689.30","20,371.70",136.32K
20-Jun-22,"20,572.30","20,576.90","20,996.80","19,658.80",140.60K
19-Jun-22,"20,577.20","18,983.40","20,763.50","17,983.70",169.39K
18-Jun-22,"18,986.50","20,446.40","20,744.70","17,630.50",267.25K
17-Jun-22,"20,444.60","20,391.30","21,315.40","20,244.10",136.27K
16-Jun-22,"20,386.60","22,577.90","22,942.10","20,231.10",144.00K
15-Jun-22,"22,577.90","22,137.50","22,754.40","20,125.80",280.41K
14-Jun-22,"22,157.30","22,449.10","23,200.30","20,860.90",251.01K
13-Jun-22,"22,448.00","26,606.30","26,857.60","22,006.30",379.26K
12-Jun-22,"26,606.30","28,404.00","28,534.80","26,606.30",120.02K
11-Jun-22,"28,403.40","29,083.30","29,426.60","28,161.80",82.92K
10-Jun-22,"29,083.30","30,097.40","30,325.60","28,884.90",104.26K
9-Jun-22,"30,097.80","30,202.10","30,691.40","29,953.80",61.72K
8-Jun-22,"30,201.60","31,127.20","31,312.10","29,874.80",87.96K
7-Jun-22,"31,128.80","31,370.30","31,556.60","29,235.00",140.32K
6-Jun-22,"31,367.60","29,911.20","31,753.40","29,888.60",94.01K
5-Jun-22,"29,913.00","29,865.10","30,166.90","29,539.00",30.33K
4-Jun-22,"29,864.30","29,700.90","29,963.80","29,489.50",33.51K
3-Jun-22,"29,700.90","30,455.70","30,674.80","29,330.80",72.13K
2-Jun-22,"30,455.50","29,798.60","30,638.50","29,604.40",81.40K
1-Jun-22,"29,798.50","31,793.10","31,969.90","29,396.60",135.09K
31-May-22,"31,793.40","31,730.20","32,377.50","31,221.20",86.60K
30-May-22,"31,723.30","29,465.20","32,185.60","29,307.20",129.56K
29-May-22,"29,465.20","29,027.10","29,556.50","28,838.70",36.87K
28-May-22,"29,027.10","28,620.10","29,194.40","28,537.20",43.87K
27-May-22,"28,601.20","29,194.00","29,377.10","28,282.20",116.41K
26-May-22,"29,203.50","29,537.90","29,868.90","28,077.90",126.71K
25-May-22,"29,540.60","29,648.70","30,202.30","29,353.50",78.85K
24-May-22,"29,648.70","29,091.60","29,810.80","28,706.10",79.42K
23-May-22,"29,093.30","30,287.30","30,644.80","28,913.60",92.10K
22-May-22,"30,286.60","29,433.00","30,462.00","29,260.10",50.60K
21-May-22,"29,434.60","29,188.70","29,623.20","28,953.90",32.27K
20-May-22,"29,178.60","30,305.90","30,735.10","28,738.50",98.78K
19-May-22,"30,305.90","28,700.40","30,525.10","28,682.10",101.38K
18-May-22,"28,683.70","30,437.50","30,687.90","28,648.10",92.03K
17-May-22,"30,437.50","29,856.70","30,720.10","29,484.50",79.63K
16-May-22,"29,849.00","31,308.30","31,312.40","29,135.80",100.25K
15-May-22,"31,308.70","30,078.60","31,383.80","29,499.40",65.44K
14-May-22,"30,080.40","29,285.20","30,277.40","28,666.70",70.46K
13-May-22,"29,284.40","28,994.30","31,002.70","28,755.00",141.23K
12-May-22,"28,976.00","29,073.40","30,136.70","26,500.50",309.48K
11-May-22,"29,068.20","31,008.00","32,113.60","27,835.50",296.90K
10-May-22,"31,007.50","30,098.20","32,621.20","29,831.00",235.61K
9-May-22,"30,095.00","34,041.00","34,227.00","30,095.00",268.09K
8-May-22,"34,060.00","35,468.00","35,497.00","33,727.00",671.05M
7-May-22,"35,468.00","36,003.00","36,119.00","34,773.00",288.86M
6-May-22,"36,009.00","36,540.00","36,646.00","35,267.00",752.84M
5-May-22,"36,544.00","39,686.00","39,833.00","36,183.00",1.04B
4-May-22,"39,688.00","37,717.00","40,021.00","37,660.00",691.49M
3-May-22,"37,718.00","38,515.00","38,647.00","37,513.00",367.21M
2-May-22,"38,514.00","38,472.00","39,134.00","38,061.00",580.79M
1-May-22,"38,461.00","37,642.00","38,676.00","37,397.00",276.99M
30-Apr-22,"37,650.00","38,590.00","38,776.00","37,596.00",248.22M
29-Apr-22,"38,581.00","39,748.00","39,919.00","38,175.00",382.90M
28-Apr-22,"39,748.00","39,243.00","40,382.00","38,888.00",542.39M
27-Apr-22,"39,243.00","38,113.00","39,447.00","37,869.00",426.83M
26-Apr-22,"38,113.00","40,443.00","40,770.00","37,708.00",681.47M
25-Apr-22,"40,427.00","39,464.00","40,599.00","38,233.00",654.60M
24-Apr-22,"39,464.00","39,434.00","39,929.00","39,033.00",283.63M
23-Apr-22,"39,418.00","39,709.00","39,973.00","39,291.00",190.60M
22-Apr-22,"39,709.00","40,487.00","40,792.00","39,200.00",421.30M
21-Apr-22,"40,482.00","41,370.00","42,969.00","39,793.00",493.05M
20-Apr-22,"41,368.00","41,499.00","42,203.00","40,915.00",382.84M
19-Apr-22,"41,503.00","40,809.00","41,746.00","40,585.00",268.28M
18-Apr-22,"40,803.00","39,700.00","41,095.00","38,577.00",484.26M
17-Apr-22,"39,703.00","40,382.00","40,599.00","39,561.00",210.01M
16-Apr-22,"40,382.00","40,571.00","40,691.00","40,003.00",151.31M
15-Apr-22,"40,560.00","39,936.00","40,850.00","39,781.00",233.09M
14-Apr-22,"39,936.00","41,133.00","41,494.00","39,585.00",294.29M
13-Apr-22,"41,133.00","40,072.00","41,515.00","39,581.00",406.70M
12-Apr-22,"40,078.00","39,507.00","40,678.00","39,265.00",468.27M
11-Apr-22,"39,497.00","42,144.00","42,418.00","39,202.00",608.38M
10-Apr-22,"42,138.00","42,760.00","43,421.00","41,884.00",255.83M
9-Apr-22,"42,767.00","42,275.00","42,809.00","42,129.00",165.16M
8-Apr-22,"42,275.00","43,450.00","43,979.00","42,113.00",467.83M
7-Apr-22,"43,448.00","43,166.00","43,893.00","42,747.00",390.85M
6-Apr-22,"43,173.00","45,494.00","45,519.00","43,122.00",649.52M
5-Apr-22,"45,506.00","46,614.00","47,201.00","45,388.00",421.11M
4-Apr-22,"46,629.00","46,407.00","46,899.00","45,152.00",446.12M
3-Apr-22,"46,407.00","45,813.00","47,435.00","45,554.00",398.86M
2-Apr-22,"45,811.00","46,299.00","47,212.00","45,641.00",345.93M
1-Apr-22,"46,297.00","45,529.00","46,728.00","44,261.00",632.93M
31-Mar-22,"45,525.00","47,071.00","47,624.00","45,228.00",520.00M
30-Mar-22,"47,075.00","47,449.00","47,714.00","46,601.00",467.76M
29-Mar-22,"47,449.00","47,126.00","48,127.00","47,029.00",478.82M
28-Mar-22,"47,105.00","46,859.00","48,199.00","46,672.00",610.27M
27-Mar-22,"46,859.00","44,542.00","46,947.00","44,445.00",388.79M
26-Mar-22,"44,548.00","44,331.00","44,818.00","44,090.00",196.30M
25-Mar-22,"44,331.00","44,013.00","45,112.00","43,622.00",494.09M
24-Mar-22,"44,013.00","42,911.00","44,251.00","42,658.00",491.66M
23-Mar-22,"42,912.00","42,373.00","43,027.00","41,795.00",433.96M
22-Mar-22,"42,373.00","41,022.00","43,327.90","40,893.00",537.06M
21-Mar-22,"41,022.00","41,282.00","41,532.00","40,530.00",406.62M
20-Mar-22,"41,276.00","42,241.00","42,301.00","40,922.00",308.45M
19-Mar-22,"42,233.00","41,768.00","42,386.00","41,529.60",224.59M
18-Mar-22,"41,767.80","40,914.60","42,308.40","40,234.80",2.31B
17-Mar-22,"40,914.80","41,118.70","41,406.00","40,557.80",1.90B
16-Mar-22,"41,118.70","39,282.50","41,701.60","38,953.20",4.47B
15-Mar-22,"39,285.70","39,673.00","39,854.70","38,220.90",2.25B
14-Mar-22,"39,671.10","37,789.50","39,914.30","37,613.60",2.33B
13-Mar-22,"37,792.40","38,813.20","39,272.30","37,603.40",1.55B
12-Mar-22,"38,814.30","38,730.20","39,355.30","38,666.50",1.11B
11-Mar-22,"38,730.20","39,422.50","40,177.00","38,236.40",2.79B
10-Mar-22,"39,416.30","41,933.90","42,029.10","38,603.50",3.62B
9-Mar-22,"41,929.00","38,731.50","42,538.50","38,663.30",3.60B
8-Mar-22,"38,744.80","38,020.60","39,351.50","37,886.60",2.67B
7-Mar-22,"38,024.80","38,420.60","39,532.00","37,182.10",3.02B
6-Mar-22,"38,403.10","39,396.30","39,668.10","38,115.00",1.93B
5-Mar-22,"39,395.80","39,142.80","39,600.20","38,626.10",1.50B
4-Mar-22,"39,142.70","42,463.00","42,848.70","38,594.90",3.21B
3-Mar-22,"42,463.00","43,912.80","44,077.20","41,840.80",74.11K
2-Mar-22,"43,912.80","44,420.30","45,294.20","43,361.30",80.82K
1-Mar-22,"44,420.30","43,187.20","44,900.50","42,876.60",90.67K
28-Feb-22,"43,188.20","37,707.20","43,977.80","37,458.90",108.07K
27-Feb-22,"37,689.10","39,116.60","39,838.50","37,062.30",66.14K
26-Feb-22,"39,115.50","39,221.60","40,094.50","38,639.10",41.55K
25-Feb-22,"39,209.60","38,339.20","39,683.70","38,042.60",83.78K
24-Feb-22,"38,339.20","37,250.20","39,351.60","34,357.40",180.47K
23-Feb-22,"37,224.60","38,248.20","39,194.50","37,099.50",64.84K
22-Feb-22,"38,248.20","37,018.30","38,414.90","36,399.60",82.75K
21-Feb-22,"37,017.70","38,355.00","39,444.10","36,868.90",91.82K
20-Feb-22,"38,355.00","40,089.60","40,120.30","38,042.20",47.92K
19-Feb-22,"40,090.30","40,000.10","40,434.30","39,666.60",25.78K
18-Feb-22,"40,000.10","40,532.50","40,935.50","39,505.00",64.96K
17-Feb-22,"40,552.80","43,885.50","44,167.10","40,103.80",72.63K
16-Feb-22,"43,883.60","44,540.90","44,552.90","43,377.60",41.40K
15-Feb-22,"44,544.40","42,550.30","44,722.60","42,460.10",56.34K
14-Feb-22,"42,550.30","42,061.10","42,799.70","41,591.30",53.60K
13-Feb-22,"42,061.10","42,205.50","42,725.10","41,880.10",25.88K
12-Feb-22,"42,205.20","42,388.40","43,006.40","41,776.80",37.88K
11-Feb-22,"42,388.40","43,519.30","43,915.10","42,023.40",69.95K
10-Feb-22,"43,521.00","44,388.90","45,755.20","43,242.50",89.69K
9-Feb-22,"44,388.90","44,038.20","44,800.40","43,163.00",50.92K
8-Feb-22,"44,038.20","43,833.90","45,399.80","42,705.00",92.88K
7-Feb-22,"43,833.90","42,385.20","44,468.30","41,695.40",76.60K
6-Feb-22,"42,392.20","41,411.90","42,614.80","41,176.30",31.20K
5-Feb-22,"41,412.10","41,566.50","41,899.80","40,963.30",46.32K
4-Feb-22,"41,567.60","37,287.80","41,689.00","37,041.10",95.49K
3-Feb-22,"37,287.80","36,890.20","37,304.30","36,297.30",50.35K
2-Feb-22,"36,890.20","38,711.20","38,853.80","36,682.30",53.74K
1-Feb-22,"38,709.70","38,475.60","39,230.00","38,037.90",55.20K
31-Jan-22,"38,498.60","37,923.80","38,701.40","36,672.80",61.27K
30-Jan-22,"37,917.70","38,167.50","38,313.30","37,390.60",34.10K
29-Jan-22,"38,170.80","37,736.50","38,663.70","37,350.20",42.77K
28-Jan-22,"37,745.10","37,195.60","37,995.90","36,176.50",69.45K
27-Jan-22,"37,164.30","36,800.10","37,215.40","35,543.20",83.52K
26-Jan-22,"36,800.40","36,962.30","38,862.60","36,280.00",107.87K
25-Jan-22,"36,950.60","36,691.30","37,501.80","35,729.30",79.68K
24-Jan-22,"36,686.30","36,268.60","37,424.00","32,985.60",153.77K
23-Jan-22,"36,269.50","35,072.90","36,513.00","34,655.20",70.43K
22-Jan-22,"35,075.20","36,467.70","36,749.80","34,116.00",138.09K
21-Jan-22,"36,475.50","40,698.10","41,104.60","35,503.90",155.80K
20-Jan-22,"40,715.90","41,683.60","43,487.10","40,568.30",65.28K
19-Jan-22,"41,677.80","42,365.30","42,558.00","41,160.90",53.77K
18-Jan-22,"42,364.60","42,209.90","42,674.20","41,300.70",47.32K
17-Jan-22,"42,209.30","43,080.50","43,179.60","41,559.40",41.44K
16-Jan-22,"43,079.10","43,079.20","43,462.00","42,643.30",28.66K
15-Jan-22,"43,097.00","43,073.60","43,777.90","42,586.10",31.44K
14-Jan-22,"43,073.30","42,562.20","43,435.10","41,848.70",50.50K
13-Jan-22,"42,560.00","43,900.00","44,404.70","42,337.50",53.42K
12-Jan-22,"43,901.00","42,735.00","44,243.60","42,476.70",53.95K
11-Jan-22,"42,733.20","41,829.10","43,090.20","41,287.60",61.78K
10-Jan-22,"41,832.20","41,848.90","42,243.80","39,697.00",85.50K
9-Jan-22,"41,848.30","41,681.20","42,764.40","41,260.90",37.51K
8-Jan-22,"41,672.00","41,551.30","42,304.40","40,574.30",52.54K
7-Jan-22,"41,546.70","43,097.90","43,127.70","40,810.00",88.36K
6-Jan-22,"43,097.50","43,431.60","43,772.30","42,481.10",63.08K
5-Jan-22,"43,425.90","45,833.10","47,019.40","42,535.10",83.74K
4-Jan-22,"45,837.30","46,435.70","47,505.40","45,602.10",55.59K
3-Jan-22,"46,430.20","47,293.90","47,556.00","45,704.00",41.06K
2-Jan-22,"47,311.80","47,738.70","47,944.90","46,718.20",27.02K
1-Jan-22,"47,738.00","46,217.50","47,917.60","46,217.50",31.24K
31-Dec-21,"46,219.50","47,123.30","48,553.90","45,693.60",58.18K
30-Dec-21,"47,123.30","46,470.70","47,901.40","46,003.00",60.96K
29-Dec-21,"46,461.70","47,548.40","48,121.70","46,127.80",63.92K
28-Dec-21,"47,545.20","50,703.40","50,703.80","47,345.70",74.39K
27-Dec-21,"50,678.20","50,783.60","52,016.30","50,459.00",43.90K
26-Dec-21,"50,779.90","50,404.00","51,247.00","49,527.00",32.34K
25-Dec-21,"50,406.40","50,789.60","51,140.20","50,196.80",26.67K
24-Dec-21,"50,786.10","50,807.40","51,795.30","50,428.40",45.97K
23-Dec-21,"50,801.00","48,599.60","51,355.60","48,053.40",56.24K
22-Dec-21,"48,599.70","48,898.70","49,540.30","48,449.70",40.89K
21-Dec-21,"48,902.00","46,900.10","49,306.10","46,654.00",57.88K
20-Dec-21,"46,895.20","46,703.40","47,488.90","45,577.30",57.53K
19-Dec-21,"46,704.50","46,855.70","48,270.20","46,438.40",44.05K
18-Dec-21,"46,856.20","46,171.80","47,330.20","45,513.40",36.93K
17-Dec-21,"46,172.20","47,630.40","47,997.20","45,523.80",67.50K
16-Dec-21,"47,628.20","48,876.60","49,387.80","47,543.90",48.20K
15-Dec-21,"48,871.50","48,366.20","49,477.90","46,572.60",80.28K
14-Dec-21,"48,366.50","46,709.80","48,635.00","46,338.30",62.54K
13-Dec-21,"46,703.60","50,075.90","50,196.10","45,848.20",80.37K
12-Dec-21,"50,081.00","49,332.50","50,779.20","48,670.50",40.30K
11-Dec-21,"49,314.50","47,138.40","49,487.00","46,834.00",45.23K
10-Dec-21,"47,137.20","47,591.70","49,974.80","47,007.10",68.06K
9-Dec-21,"47,596.60","50,477.60","50,790.20","47,341.90",58.69K
8-Dec-21,"50,473.90","50,596.60","51,204.70","48,700.70",55.59K
7-Dec-21,"50,595.20","50,547.40","51,918.60","50,070.90",56.29K
6-Dec-21,"50,562.10","49,412.10","50,913.30","47,237.90",89.68K
5-Dec-21,"49,405.50","49,196.40","49,689.30","47,797.80",72.03K
4-Dec-21,"49,195.20","53,620.70","53,847.20","42,587.80",168.00K
3-Dec-21,"53,631.50","56,495.20","57,543.60","52,008.90",89.20K
2-Dec-21,"56,496.00","57,207.80","57,377.50","55,807.90",54.94K
1-Dec-21,"57,210.30","56,891.70","59,064.30","56,496.50",66.75K
30-Nov-21,"56,882.90","57,795.20","59,174.40","55,936.90",73.66K
29-Nov-21,"57,794.80","57,288.10","58,855.20","56,726.70",58.65K
28-Nov-21,"57,291.50","54,758.00","57,392.30","53,448.30",49.28K
27-Nov-21,"54,765.90","53,747.20","55,280.30","53,654.30",40.71K
26-Nov-21,"53,730.90","58,937.30","59,151.10","53,533.50",104.03K
25-Nov-21,"58,935.10","57,167.10","59,387.30","57,029.80",56.79K
24-Nov-21,"57,171.70","57,559.40","57,697.40","55,910.60",56.68K
23-Nov-21,"57,573.20","56,304.80","57,855.10","55,542.50",72.48K
22-Nov-21,"56,308.80","58,719.70","59,288.30","55,656.80",76.45K
21-Nov-21,"58,714.30","59,724.00","60,002.60","58,528.30",40.98K
20-Nov-21,"59,717.60","58,080.80","59,854.60","57,435.30",44.53K
19-Nov-21,"58,083.40","56,908.30","58,335.90","55,626.30",74.44K
18-Nov-21,"56,955.30","60,368.20","60,936.90","56,524.40",100.37K
17-Nov-21,"60,367.80","60,074.20","60,814.50","58,531.90",73.93K
16-Nov-21,"60,089.10","63,605.10","63,605.60","58,655.90",115.36K
15-Nov-21,"63,597.90","65,514.90","66,311.20","63,439.50",53.53K
14-Nov-21,"65,508.20","64,397.20","65,508.20","63,608.30",33.98K
13-Nov-21,"64,398.60","64,133.30","64,906.00","63,381.40",30.34K
12-Nov-21,"64,134.50","64,782.60","65,449.70","62,309.70",63.27K
11-Nov-21,"64,806.70","64,922.80","65,583.30","64,121.90",50.37K
10-Nov-21,"64,932.60","66,942.60","68,990.60","62,951.30",96.21K
9-Nov-21,"66,904.40","67,528.70","68,493.30","66,334.90",66.13K
8-Nov-21,"67,527.90","63,276.40","67,763.30","63,276.40",81.08K
7-Nov-21,"63,273.20","61,483.80","63,273.20","61,347.20",34.34K
6-Nov-21,"61,483.90","60,973.20","61,543.20","60,093.60",34.89K
5-Nov-21,"60,974.30","61,411.50","62,560.30","60,742.40",44.46K
4-Nov-21,"61,412.60","62,915.40","63,077.60","60,742.90",49.91K
3-Nov-21,"62,918.50","63,223.50","63,508.60","60,883.00",61.05K
2-Nov-21,"63,221.70","60,912.20","64,256.40","60,651.50",65.26K
1-Nov-21,"60,915.30","61,310.10","62,430.10","59,612.70",61.21K
31-Oct-21,"61,309.60","61,842.20","62,393.70","60,005.70",50.06K
30-Oct-21,"61,840.10","62,245.00","62,338.50","60,786.00",40.51K
29-Oct-21,"62,242.80","60,579.90","62,952.20","60,322.20",63.39K
28-Oct-21,"60,582.50","58,437.20","62,251.30","58,128.10",88.47K
27-Oct-21,"58,438.10","60,312.50","61,452.90","58,112.60",88.11K
26-Oct-21,"60,310.80","63,067.50","63,275.10","59,907.30",57.13K
25-Oct-21,"63,067.00","60,864.30","63,694.80","60,655.80",51.06K
24-Oct-21,"60,866.50","61,308.20","61,469.90","59,523.70",42.67K
23-Oct-21,"61,312.50","60,693.20","61,728.70","59,738.30",37.05K
22-Oct-21,"60,690.30","62,200.80","63,699.70","60,055.70",75.69K
21-Oct-21,"62,210.20","66,004.60","66,616.90","62,092.10",105.38K
20-Oct-21,"65,979.10","64,276.90","66,967.10","63,543.70",79.87K
19-Oct-21,"64,278.50","62,030.20","64,454.00","61,451.00",80.16K
18-Oct-21,"62,056.30","61,525.80","62,623.60","60,026.90",80.15K
17-Oct-21,"61,527.50","60,865.50","61,651.40","59,143.40",53.39K
16-Oct-21,"60,861.10","61,669.20","62,329.20","60,161.90",49.93K
15-Oct-21,"61,672.50","57,348.20","62,892.80","56,874.80",121.48K
14-Oct-21,"57,345.80","57,370.40","58,506.50","56,866.80",59.84K
13-Oct-21,"57,380.10","56,014.50","57,697.40","54,314.40",73.62K
12-Oct-21,"56,015.90","57,480.60","57,635.70","54,155.40",74.85K
11-Oct-21,"57,477.30","54,686.90","57,814.10","54,457.80",73.84K
10-Oct-21,"54,687.70","54,942.50","56,432.20","54,100.80",104.43K
9-Oct-21,"54,942.50","53,924.10","55,430.80","53,711.70",64.65K
8-Oct-21,"53,914.70","53,785.50","55,977.90","53,659.30",64.05K
7-Oct-21,"53,783.90","55,325.20","55,325.60","53,476.40",75.68K
6-Oct-21,"55,323.20","51,470.00","55,676.10","50,439.50",116.26K
5-Oct-21,"51,469.30","49,229.50","51,872.40","49,060.10",76.63K
4-Oct-21,"49,227.30","48,200.40","49,481.70","46,958.60",66.92K
3-Oct-21,"48,200.10","47,665.40","49,165.20","47,123.00",42.41K
2-Oct-21,"47,666.90","48,147.20","48,306.90","47,451.70",39.82K
1-Oct-21,"48,146.00","43,824.40","48,435.20","43,292.90",94.66K
30-Sep-21,"43,823.30","41,534.50","44,101.20","41,416.70",64.32K
29-Sep-21,"41,536.80","41,023.10","42,571.20","40,815.00",48.21K
28-Sep-21,"41,022.30","42,169.90","42,758.80","40,906.40",60.01K
27-Sep-21,"42,172.60","43,200.90","44,293.20","42,143.90",54.12K
26-Sep-21,"43,203.40","42,685.80","43,907.30","40,786.60",69.91K
25-Sep-21,"42,686.80","42,818.70","42,959.30","41,714.50",46.35K
24-Sep-21,"42,819.90","44,867.40","45,112.00","40,908.50",128.88K
23-Sep-21,"44,869.20","43,550.70","44,949.80","43,090.10",74.54K
22-Sep-21,"43,551.60","40,660.80","43,976.70","40,585.70",93.98K
21-Sep-21,"40,651.30","43,012.30","43,619.30","39,646.80",142.55K
20-Sep-21,"42,870.60","47,240.80","47,323.90","42,547.10",77.96K
19-Sep-21,"47,238.70","48,299.90","48,341.90","46,866.60",41.98K
18-Sep-21,"48,306.70","47,283.90","48,761.00","47,070.50",43.64K
17-Sep-21,"47,282.80","47,748.20","48,155.90","46,788.80",50.16K
16-Sep-21,"47,748.00","48,132.30","48,480.60","47,040.30",60.91K
15-Sep-21,"48,130.60","47,070.80","48,436.50","46,743.90",63.40K
14-Sep-21,"47,077.50","44,950.20","47,247.60","44,718.70",65.33K
13-Sep-21,"44,949.50","46,060.80","46,807.70","43,463.20",96.15K
12-Sep-21,"46,062.30","45,162.60","46,386.40","44,755.20",44.52K
11-Sep-21,"45,161.90","44,844.90","45,975.60","44,766.60",41.58K
10-Sep-21,"44,842.80","46,385.90","47,021.60","44,283.60",75.62K
9-Sep-21,"46,385.60","46,057.60","47,305.70","45,609.00",73.63K
8-Sep-21,"46,061.40","46,774.10","47,316.90","44,493.70",100.48K
7-Sep-21,"46,779.60","52,674.20","52,885.30","43,072.40",187.56K
6-Sep-21,"52,672.10","51,769.40","52,726.20","51,002.80",69.46K
5-Sep-21,"51,768.60","49,918.70","51,878.20","49,492.40",57.30K
4-Sep-21,"49,918.40","49,999.30","50,534.60","49,461.40",48.14K
3-Sep-21,"49,999.00","49,269.50","51,008.80","48,377.30",88.08K
2-Sep-21,"49,274.30","48,817.80","50,355.30","48,612.90",80.21K
1-Sep-21,"48,819.40","47,129.20","49,121.00","46,533.10",74.38K
31-Aug-21,"47,130.40","46,989.10","48,217.00","46,709.30",71.48K
30-Aug-21,"46,992.70","48,777.10","48,886.00","46,876.90",61.68K
29-Aug-21,"48,777.40","48,899.70","49,621.70","47,870.10",47.62K
28-Aug-21,"48,897.10","49,062.80","49,289.40","48,428.50",36.73K
27-Aug-21,"49,064.30","46,830.20","49,142.00","46,371.50",62.47K
26-Aug-21,"46,831.60","48,994.40","49,347.80","46,360.40",73.79K
25-Aug-21,"48,994.50","47,707.40","49,230.20","47,163.30",63.54K
24-Aug-21,"47,714.70","49,532.50","49,847.40","47,623.60",74.26K
23-Aug-21,"49,539.70","49,255.40","50,498.80","49,038.60",75.37K
22-Aug-21,"49,254.50","48,870.40","49,480.30","48,151.00",49.32K
21-Aug-21,"48,875.80","49,330.00","49,719.10","48,293.50",18.20K
20-Aug-21,"49,324.00","46,756.70","49,343.30","46,646.80",83.19K
19-Aug-21,"46,755.90","44,725.90","47,012.30","43,986.70",77.92K
18-Aug-21,"44,723.80","44,691.10","46,004.90","44,230.00",22.36K
17-Aug-21,"44,691.60","45,907.50","47,140.60","44,441.30",84.14K
16-Aug-21,"45,996.30","46,991.60","48,002.40","45,672.10",2.41K
15-Aug-21,"46,991.30","47,082.60","47,344.10","45,564.10",58.11K
14-Aug-21,"47,081.50","47,809.60","48,090.90","46,117.20",64.29K
13-Aug-21,"47,809.10","44,404.00","47,836.00","44,242.40",75.27K
12-Aug-21,"44,403.40","45,562.30","46,213.80","43,814.70",81.07K
11-Aug-21,"45,564.30","45,593.20","46,736.50","45,367.90",75.43K
10-Aug-21,"45,593.80","46,281.80","46,663.40","44,681.20",80.55K
9-Aug-21,"46,284.30","43,794.90","46,460.70","42,824.10",117.08K
8-Aug-21,"43,792.80","44,584.90","45,284.10","43,314.40",105.25K
7-Aug-21,"44,614.20","42,784.70","44,697.30","42,611.00",112.84K
6-Aug-21,"42,795.40","40,868.40","43,253.40","39,905.40",111.93K
5-Aug-21,"40,867.20","39,734.40","41,366.30","37,365.40",130.60K
4-Aug-21,"39,736.90","38,188.40","39,956.50","37,556.00",79.22K
3-Aug-21,"38,130.30","39,167.40","39,766.60","37,688.20",0.26K
2-Aug-21,"39,168.40","39,869.80","40,449.00","38,692.50",74.81K
1-Aug-21,"39,878.30","41,510.00","42,565.00","39,556.50",80.33K
31-Jul-21,"41,553.70","42,201.40","42,285.30","41,066.40",44.65K
30-Jul-21,"42,203.40","40,001.10","42,264.40","38,358.40",98.45K
29-Jul-21,"40,001.40","40,009.00","40,630.70","39,340.80",75.30K
28-Jul-21,"40,003.20","39,450.40","40,862.20","38,883.80",148.92K
27-Jul-21,"39,452.00","37,294.30","39,455.90","36,427.40",100.24K
26-Jul-21,"37,276.60","35,392.30","40,522.90","35,236.70",177.63K
25-Jul-21,"35,391.10","34,392.50","35,391.10","33,881.30",65.10K
24-Jul-21,"33,824.80","33,600.50","33,955.00","33,412.90",67.14K
23-Jul-21,"33,603.30","32,297.90","33,605.60","32,041.10",66.15K
22-Jul-21,"32,298.90","32,131.70","32,585.40","31,729.40",64.87K
21-Jul-21,"32,131.40","29,794.70","32,794.60","29,519.30",118.34K
20-Jul-21,"29,793.80","30,835.40","31,040.80","29,310.20",97.46K
19-Jul-21,"30,837.20","31,782.90","31,887.00","30,478.20",77.48K
18-Jul-21,"31,785.40","31,517.90","32,408.20","31,220.60",57.01K
17-Jul-21,"31,518.60","31,384.40","31,914.80","31,207.80",58.06K
16-Jul-21,"31,394.00","31,842.30","32,239.80","31,062.20",70.48K
15-Jul-21,"31,840.50","32,820.50","33,157.00","31,175.80",76.95K
14-Jul-21,"32,820.70","32,727.80","33,051.90","31,611.20",69.56K
13-Jul-21,"32,728.10","33,106.10","33,307.70","32,259.50",60.04K
12-Jul-21,"33,113.00","34,228.30","34,598.00","32,662.80",63.24K
11-Jul-21,"34,227.70","33,510.80","34,580.60","33,319.80",35.72K
10-Jul-21,"33,510.60","33,797.70","34,221.00","33,056.80",50.94K
9-Jul-21,"33,797.40","32,866.30","34,079.20","32,367.00",67.14K
8-Jul-21,"32,866.30","33,859.40","33,923.20","32,146.90",108.09K
7-Jul-21,"33,867.80","34,228.70","35,036.60","33,801.30",72.03K
6-Jul-21,"34,225.60","33,688.50","35,062.00","33,581.70",83.63K
5-Jul-21,"33,687.80","35,297.00","35,300.50","33,164.10",88.36K
4-Jul-21,"35,298.20","34,742.80","35,957.60","34,740.10",56.13K
3-Jul-21,"34,742.80","33,814.20","34,909.80","33,363.30",55.69K
2-Jul-21,"33,813.40","33,542.20","33,925.90","32,734.60",78.93K
1-Jul-21,"33,543.60","35,030.70","35,032.70","32,839.20",27.41K
30-Jun-21,"35,026.90","35,832.60","36,089.50","34,126.60",107.07K
29-Jun-21,"35,834.70","34,477.30","36,590.30","34,247.60",97.27K
28-Jun-21,"34,475.90","34,682.20","35,231.20","33,944.90",112.00K
27-Jun-21,"34,678.50","32,247.10","34,685.50","32,041.70",148.80K
26-Jun-21,"32,243.40","31,592.10","32,643.00","30,206.90",156.67K
25-Jun-21,"31,594.00","34,660.50","35,490.90","31,337.90",193.43K
24-Jun-21,"34,665.80","33,678.10","35,249.90","32,356.70",119.25K
23-Jun-21,"33,674.30","32,498.30","34,784.30","31,736.50",173.34K
22-Jun-21,"32,496.40","31,682.70","33,272.50","28,901.80",309.65K
21-Jun-21,"31,692.00","35,597.90","35,708.40","31,284.10",256.87K
20-Jun-21,"35,595.80","35,510.90","36,097.90","33,378.00",137.48K
19-Jun-21,"35,513.40","35,770.00","36,357.30","34,845.50",105.46K
18-Jun-21,"35,749.40","38,045.50","38,166.00","35,198.50",102.84K
17-Jun-21,"38,052.00","38,337.80","39,529.90","37,425.30",109.58K
16-Jun-21,"38,336.00","40,148.10","40,494.40","38,156.40",123.52K
15-Jun-21,"40,156.10","40,522.50","41,318.00","39,589.90",117.55K
14-Jun-21,"40,529.40","39,024.10","40,970.40","38,769.90",157.35K
13-Jun-21,"39,022.90","35,467.50","39,321.60","34,827.00",123.32K
12-Jun-21,"35,467.50","37,334.40","37,437.30","34,703.30",87.73K
11-Jun-21,"37,314.60","36,654.30","37,641.10","36,003.30",109.15K
10-Jun-21,"36,649.40","37,375.20","38,340.80","35,824.00",154.32K
9-Jun-21,"37,332.20","33,385.50","37,517.60","32,428.60",209.82K
8-Jun-21,"33,382.90","33,574.60","34,047.80","31,158.10",193.54K
7-Jun-21,"33,578.00","35,815.40","36,754.60","33,410.10",119.50K
6-Jun-21,"35,815.40","35,518.70","36,434.00","35,265.30",62.20K
5-Jun-21,"35,520.00","36,841.20","37,887.60","34,832.00",101.48K
4-Jun-21,"36,851.30","39,191.40","39,255.40","35,659.90",127.71K
3-Jun-21,"39,187.30","37,555.70","39,462.30","37,193.60",106.44K
2-Jun-21,"37,555.80","36,687.70","38,199.90","35,981.10",96.89K
1-Jun-21,"36,687.60","37,294.30","37,850.30","35,742.70",113.48K
31-May-21,"37,298.60","35,644.00","37,480.70","34,213.20",131.70K
30-May-21,"35,652.80","34,589.30","36,388.60","33,441.00",104.18K
29-May-21,"34,584.60","35,664.50","37,227.10","33,664.20",160.43K
28-May-21,"35,662.50","38,543.20","38,844.10","34,772.40",199.58K
27-May-21,"38,417.30","39,249.00","40,322.20","37,190.80",122.93K
26-May-21,"39,249.20","38,375.70","40,750.00","37,847.00",153.80K
25-May-21,"38,378.30","38,753.60","39,740.80","36,540.70",163.01K
24-May-21,"38,750.60","34,720.30","39,851.70","34,474.60",244.88K
23-May-21,"34,679.70","37,446.80","38,248.70","31,192.40",325.73K
22-May-21,"37,448.30","37,291.00","38,776.00","35,314.90",185.83K
21-May-21,"37,297.40","40,611.20","42,108.30","33,592.30",315.50K
20-May-21,"40,717.20","36,706.80","42,425.90","35,010.40",269.75K
19-May-21,"36,720.50","42,898.30","43,516.60","30,261.70",607.10K
18-May-21,"42,897.30","43,538.50","45,770.90","42,293.90",154.96K
17-May-21,"43,541.30","46,424.20","46,545.40","42,201.50",274.76K
16-May-21,"46,426.40","46,729.30","49,764.30","43,920.80",180.07K
15-May-21,"46,708.80","49,839.10","50,640.90","46,650.20",131.91K
