"Date","Price","Open","High","Low","Vol.","Change %"
"Jun 15, 2023","0.060653","0.060413","0.061604","0.059738","1.16B","0.40%"
"Jun 14, 2023","0.060413","0.061725","0.062178","0.058498","988.86M","-2.13%"
"Jun 13, 2023","0.061726","0.061436","0.062642","0.060637","721.04M","0.47%"
"Jun 12, 2023","0.061436","0.061528","0.061690","0.060090","788.59M","-0.15%"
"Jun 11, 2023","0.061528","0.061765","0.062847","0.061089","875.00M","-0.38%"
"Jun 10, 2023","0.061765","0.069462","0.070869","0.055888","3.58B","-11.08%"
"Jun 09, 2023","0.069462","0.067941","0.071069","0.067451","914.85M","2.24%"
"Jun 08, 2023","0.067941","0.067284","0.068448","0.066998","523.93M","0.98%"
"Jun 07, 2023","0.067284","0.070250","0.070291","0.066743","903.49M","-4.22%"
"Jun 06, 2023","0.070250","0.066441","0.071971","0.065983","1.49B","5.73%"
"Jun 05, 2023","0.066441","0.072481","0.072684","0.063674","1.74B","-8.34%"
"Jun 04, 2023","0.072487","0.072709","0.073299","0.072368","361.80M","-0.30%"
"Jun 03, 2023","0.072708","0.072571","0.072974","0.072207","297.37M","0.19%"
"Jun 02, 2023","0.072571","0.071427","0.073268","0.071052","519.35M","1.59%"
"Jun 01, 2023","0.071434","0.071659","0.072173","0.070783","485.33M","-0.32%"
"May 31, 2023","0.071661","0.072312","0.072673","0.070738","574.92M","-0.90%"
"May 30, 2023","0.072312","0.073136","0.073449","0.072153","682.57M","-1.12%"
"May 29, 2023","0.073135","0.073537","0.073975","0.072721","414.39M","-0.55%"
"May 28, 2023","0.073537","0.072608","0.073959","0.071889","564.40M","1.28%"
"May 27, 2023","0.072608","0.070962","0.073366","0.070839","474.84M","2.32%"
"May 26, 2023","0.070962","0.070882","0.071349","0.070382","558.07M","0.11%"
"May 25, 2023","0.070884","0.070650","0.071011","0.068890","652.66M","0.32%"
"May 24, 2023","0.070656","0.072877","0.072881","0.069765","814.18M","-3.05%"
"May 23, 2023","0.072880","0.072920","0.073901","0.072465","471.06M","-0.05%"
"May 22, 2023","0.072920","0.072114","0.073976","0.070990","651.39M","1.12%"
"May 21, 2023","0.072114","0.073628","0.073979","0.071991","409.63M","-2.06%"
"May 20, 2023","0.073629","0.073494","0.073846","0.073085","289.95M","0.18%"
"May 19, 2023","0.073494","0.073430","0.074024","0.073030","484.32M","0.09%"
"May 18, 2023","0.073430","0.074833","0.074892","0.071695","1.06B","-1.81%"
"May 17, 2023","0.074784","0.072751","0.075424","0.072340","1.09B","2.79%"
"May 16, 2023","0.072751","0.071952","0.073238","0.070924","578.78M","1.11%"
"May 15, 2023","0.071953","0.071967","0.073549","0.070961","728.58M","-0.02%"
"May 14, 2023","0.071967","0.071666","0.072629","0.071219","363.44M","0.42%"
"May 13, 2023","0.071665","0.072367","0.072398","0.071357","434.51M","-0.97%"
"May 12, 2023","0.072369","0.071957","0.072616","0.069362","1.29B","0.58%"
"May 11, 2023","0.071955","0.073130","0.073160","0.069324","1.18B","-1.64%"
"May 10, 2023","0.073154","0.073115","0.074658","0.070594","1.19B","0.05%"
"May 09, 2023","0.073114","0.072416","0.073341","0.072130","770.90M","0.97%"
"May 08, 2023","0.072415","0.076502","0.077086","0.070287","1.49B","-5.34%"
"May 07, 2023","0.076502","0.076741","0.077487","0.076277","615.95M","-0.31%"
"May 06, 2023","0.076741","0.080203","0.080454","0.075910","1.14B","-4.31%"
"May 05, 2023","0.080201","0.078390","0.081456","0.077674","1.07B","2.31%"
"May 04, 2023","0.078390","0.079603","0.079702","0.077972","709.51M","-1.52%"
"May 03, 2023","0.079598","0.078774","0.080652","0.077172","865.38M","1.05%"
"May 02, 2023","0.078774","0.078823","0.079070","0.077674","589.72M","-0.06%"
"May 01, 2023","0.078824","0.079462","0.080007","0.077390","933.49M","-0.80%"
"Apr 30, 2023","0.079462","0.081576","0.081693","0.079283","720.75M","-2.59%"
"Apr 29, 2023","0.081576","0.080332","0.081909","0.080205","723.16M","1.55%"
"Apr 28, 2023","0.080334","0.080137","0.080601","0.079233","642.71M","0.25%"
"Apr 27, 2023","0.080137","0.078592","0.080922","0.078400","1.34B","1.94%"
"Apr 26, 2023","0.078608","0.079745","0.083459","0.075300","2.38B","-1.43%"
"Apr 25, 2023","0.079745","0.078744","0.079944","0.077568","882.19M","1.26%"
"Apr 24, 2023","0.078750","0.078778","0.080006","0.077237","1.05B","-0.04%"
"Apr 23, 2023","0.078778","0.080270","0.080729","0.076911","995.77M","-1.86%"
"Apr 22, 2023","0.080270","0.078427","0.080936","0.078187","1.04B","2.35%"
"Apr 21, 2023","0.078427","0.083894","0.084663","0.077244","2.78B","-6.52%"
"Apr 20, 2023","0.083894","0.087892","0.093238","0.082759","5.81B","-4.55%"
"Apr 19, 2023","0.087892","0.093951","0.094129","0.085836","3.69B","-6.45%"
"Apr 18, 2023","0.093953","0.091394","0.094664","0.089817","2.23B","2.80%"
"Apr 17, 2023","0.091392","0.090470","0.094702","0.088289","3.73B","1.02%"
"Apr 16, 2023","0.090465","0.088894","0.091754","0.087765","1.53B","1.77%"
"Apr 15, 2023","0.088890","0.088684","0.090512","0.087233","1.13B","0.21%"
"Apr 14, 2023","0.088707","0.087344","0.091169","0.085505","2.90B","1.56%"
"Apr 13, 2023","0.087344","0.083406","0.088790","0.082866","2.35B","4.73%"
"Apr 12, 2023","0.083398","0.084133","0.084487","0.081099","2.19B","-0.87%"
"Apr 11, 2023","0.084130","0.084794","0.085791","0.083623","1.29B","-0.79%"
"Apr 10, 2023","0.084797","0.083194","0.085402","0.082332","1.24B","1.92%"
"Apr 09, 2023","0.083197","0.081359","0.083846","0.081194","1.14B","2.26%"
"Apr 08, 2023","0.081359","0.082232","0.083827","0.080629","1.49B","-1.07%"
"Apr 07, 2023","0.082243","0.085415","0.086143","0.081623","2.81B","-3.71%"
"Apr 06, 2023","0.085410","0.092717","0.092717","0.084748","4.19B","-7.88%"
"Apr 05, 2023","0.092715","0.095163","0.099134","0.091265","4.23B","-2.57%"
"Apr 04, 2023","0.095163","0.096040","0.103232","0.092330","8.93B","-0.91%"
"Apr 03, 2023","0.096040","0.079022","0.104060","0.076252","10.60B","21.53%"
"Apr 02, 2023","0.079023","0.081822","0.085483","0.077413","2.65B","-3.42%"
"Apr 01, 2023","0.081822","0.076982","0.083261","0.075934","2.28B","6.28%"
"Mar 31, 2023","0.076984","0.074226","0.077803","0.073524","1.05B","3.72%"
"Mar 30, 2023","0.074226","0.075613","0.076767","0.073506","1.09B","-1.84%"
"Mar 29, 2023","0.075617","0.073807","0.076822","0.073512","1.27B","2.52%"
"Mar 28, 2023","0.073760","0.072865","0.074025","0.071746","845.61M","1.23%"
"Mar 27, 2023","0.072863","0.074375","0.075960","0.071345","1.43B","-2.03%"
"Mar 26, 2023","0.074377","0.074060","0.075391","0.073404","633.05M","0.43%"
"Mar 25, 2023","0.074055","0.074573","0.075966","0.072577","828.97M","-0.69%"
"Mar 24, 2023","0.074573","0.077387","0.077498","0.073103","1.15B","-3.64%"
"Mar 23, 2023","0.077387","0.073843","0.078919","0.072986","2.18B","4.79%"
"Mar 22, 2023","0.073851","0.076685","0.077821","0.071648","2.53B","-3.70%"
"Mar 21, 2023","0.076685","0.071342","0.077779","0.070404","1.97B","7.49%"
"Mar 20, 2023","0.071345","0.074541","0.075558","0.070528","1.37B","-4.19%"
"Mar 19, 2023","0.074462","0.072959","0.076498","0.072959","1.04B","2.06%"
"Mar 18, 2023","0.072959","0.076443","0.078775","0.072531","1.91B","-4.53%"
"Mar 17, 2023","0.076421","0.072588","0.077228","0.071528","1.66B","5.31%"
"Mar 16, 2023","0.072567","0.069681","0.074004","0.068919","1.25B","4.14%"
"Mar 15, 2023","0.069682","0.074640","0.075918","0.067488","1.91B","-6.67%"
"Mar 14, 2023","0.074665","0.072862","0.077550","0.071217","2.05B","2.47%"
"Mar 13, 2023","0.072862","0.070603","0.073532","0.068274","1.75B","3.22%"
"Mar 12, 2023","0.070587","0.066185","0.070816","0.065486","1.25B","6.65%"
"Mar 11, 2023","0.066185","0.065794","0.068312","0.063401","1.51B","0.59%"
"Mar 10, 2023","0.065794","0.065995","0.066144","0.062686","1.79B","-0.27%"
"Mar 09, 2023","0.065974","0.071104","0.072269","0.064118","2.23B","-7.24%"
"Mar 08, 2023","0.071120","0.074030","0.074305","0.070308","1.09B","-3.93%"
"Mar 07, 2023","0.074029","0.074790","0.075960","0.072439","1.00B","-1.01%"
"Mar 06, 2023","0.074783","0.074756","0.075115","0.073332","806.82M","0.04%"
"Mar 05, 2023","0.074756","0.074657","0.076039","0.074301","619.49M","0.13%"
"Mar 04, 2023","0.074660","0.076838","0.077212","0.072659","734.67M","-2.80%"
"Mar 03, 2023","0.076811","0.080552","0.080607","0.073579","1.84B","-4.63%"
"Mar 02, 2023","0.080540","0.081944","0.082257","0.079635","568.70M","-1.71%"
"Mar 01, 2023","0.081945","0.080809","0.082821","0.080298","621.10M","1.43%"
"Feb 28, 2023","0.080792","0.081354","0.083037","0.079929","1.11B","-0.66%"
"Feb 27, 2023","0.081333","0.082214","0.082256","0.079979","751.01M","-1.08%"
"Feb 26, 2023","0.082219","0.080742","0.082567","0.080434","583.64M","1.83%"
"Feb 25, 2023","0.080742","0.080877","0.081993","0.078583","926.68M","-0.16%"
"Feb 24, 2023","0.080875","0.084245","0.084970","0.079390","1.31B","-4.01%"
"Feb 23, 2023","0.084254","0.085463","0.086392","0.083568","960.36M","-1.41%"
"Feb 22, 2023","0.085463","0.085457","0.087578","0.082890","2.30B","0.01%"
"Feb 21, 2023","0.085457","0.088290","0.088759","0.084573","1.32B","-3.21%"
"Feb 20, 2023","0.088290","0.087084","0.088669","0.085352","1.17B","1.40%"
"Feb 19, 2023","0.087069","0.088822","0.089859","0.086073","1.29B","-1.97%"
"Feb 18, 2023","0.088822","0.087703","0.090356","0.086793","978.84M","1.29%"
"Feb 17, 2023","0.087689","0.084901","0.088484","0.084393","1.10B","3.21%"
"Feb 16, 2023","0.084960","0.089272","0.091886","0.084773","2.39B","-4.84%"
"Feb 15, 2023","0.089283","0.083555","0.089572","0.082673","2.54B","6.86%"
"Feb 14, 2023","0.083554","0.082033","0.083690","0.080419","1.14B","1.85%"
"Feb 13, 2023","0.082032","0.082192","0.086367","0.079586","2.24B","-0.19%"
"Feb 12, 2023","0.082192","0.082255","0.085786","0.081250","1.25B","-0.07%"
"Feb 11, 2023","0.082250","0.080924","0.082563","0.080682","549.61M","1.64%"
"Feb 10, 2023","0.080922","0.081454","0.082946","0.079820","1.45B","-0.65%"
"Feb 09, 2023","0.081454","0.090170","0.090927","0.079612","2.36B","-9.67%"
"Feb 08, 2023","0.090170","0.092537","0.093308","0.088645","1.10B","-2.56%"
"Feb 07, 2023","0.092537","0.089549","0.092728","0.089458","1.14B","3.44%"
"Feb 06, 2023","0.089463","0.092083","0.093233","0.088828","1.27B","-2.85%"
"Feb 05, 2023","0.092083","0.095679","0.096899","0.090594","2.10B","-3.75%"
"Feb 04, 2023","0.095672","0.092877","0.099721","0.092552","3.02B","3.01%"
"Feb 03, 2023","0.092876","0.090976","0.093325","0.090390","1.49B","2.16%"
"Feb 02, 2023","0.090914","0.093948","0.095820","0.090279","2.13B","-3.24%"
"Feb 01, 2023","0.093957","0.096109","0.096882","0.088379","3.29B","-2.23%"
"Jan 31, 2023","0.096096","0.088385","0.097679","0.088307","4.52B","8.72%"
"Jan 30, 2023","0.088386","0.090147","0.092611","0.085046","2.50B","-1.95%"
"Jan 29, 2023","0.090147","0.087772","0.090991","0.087342","1.35B","2.71%"
"Jan 28, 2023","0.087772","0.087212","0.093131","0.086877","1.82B","0.64%"
"Jan 27, 2023","0.087212","0.086440","0.087975","0.083999","1.11B","0.91%"
"Jan 26, 2023","0.086429","0.086543","0.087435","0.084829","1.14B","-0.18%"
"Jan 25, 2023","0.086584","0.083855","0.088040","0.081898","1.54B","3.25%"
"Jan 24, 2023","0.083857","0.088486","0.090749","0.083152","1.59B","-5.23%"
"Jan 23, 2023","0.088486","0.088240","0.091438","0.086869","2.00B","0.28%"
"Jan 22, 2023","0.088240","0.084605","0.093162","0.084502","2.39B","4.30%"
"Jan 21, 2023","0.084605","0.086296","0.088987","0.084370","2.24B","-1.97%"
"Jan 20, 2023","0.086305","0.081607","0.086979","0.080688","1.36B","5.75%"
"Jan 19, 2023","0.081613","0.080042","0.082122","0.079946","1.03B","1.94%"
"Jan 18, 2023","0.080059","0.082806","0.089473","0.079614","3.26B","-3.31%"
"Jan 17, 2023","0.082799","0.083687","0.084890","0.082382","1.06B","-1.06%"
"Jan 16, 2023","0.083687","0.086111","0.088064","0.081928","1.82B","-2.82%"
"Jan 15, 2023","0.086112","0.087297","0.087770","0.082923","1.61B","-1.44%"
"Jan 14, 2023","0.087368","0.084519","0.092126","0.084186","3.61B","3.38%"
"Jan 13, 2023","0.084515","0.080287","0.085061","0.078972","1.94B","5.27%"
"Jan 12, 2023","0.080287","0.078130","0.081125","0.075406","2.68B","2.76%"
"Jan 11, 2023","0.078130","0.077807","0.078372","0.074894","1.52B","0.42%"
"Jan 10, 2023","0.077807","0.075655","0.077807","0.074126","1.97B","2.84%"
"Jan 09, 2023","0.075655","0.073565","0.079454","0.073031","3.32B","2.83%"
"Jan 08, 2023","0.073574","0.072160","0.073902","0.071310","954.11M","1.96%"
"Jan 07, 2023","0.072156","0.072420","0.072949","0.071684","587.15M","-0.36%"
"Jan 06, 2023","0.072420","0.071485","0.072663","0.069947","1.26B","1.31%"
"Jan 05, 2023","0.071485","0.073140","0.075177","0.071085","1.72B","-2.27%"
"Jan 04, 2023","0.073147","0.070473","0.073394","0.070209","1.28B","3.79%"
"Jan 03, 2023","0.070477","0.071382","0.072275","0.069617","1.11B","-1.26%"
"Jan 02, 2023","0.071380","0.070218","0.073037","0.069098","1.68B","1.63%"
"Jan 01, 2023","0.070237","0.070169","0.070783","0.069075","723.17M","0.13%"
"Dec 31, 2022","0.070144","0.068392","0.071239","0.067988","1.18B","2.56%"
"Dec 30, 2022","0.068395","0.070933","0.071405","0.066392","1.86B","-3.60%"
"Dec 29, 2022","0.070952","0.070376","0.071441","0.069455","1.16B","0.81%"
"Dec 28, 2022","0.070382","0.073704","0.073848","0.069610","2.31B","-4.51%"
"Dec 27, 2022","0.073704","0.075672","0.076088","0.072824","1.04B","-2.61%"
"Dec 26, 2022","0.075679","0.076009","0.076484","0.074613","888.95M","-0.43%"
"Dec 25, 2022","0.076009","0.077525","0.077653","0.073927","1.68B","-1.96%"
"Dec 24, 2022","0.077529","0.077206","0.078020","0.076690","562.87M","0.42%"
"Dec 23, 2022","0.077203","0.076864","0.078862","0.076576","1.55B","0.44%"
"Dec 22, 2022","0.076864","0.073720","0.077563","0.073294","2.18B","4.25%"
"Dec 21, 2022","0.073729","0.074852","0.075020","0.071591","1.44B","-1.50%"
"Dec 20, 2022","0.074852","0.071364","0.075388","0.071166","1.63B","4.89%"
"Dec 19, 2022","0.071360","0.078437","0.079460","0.070279","2.42B","-9.02%"
"Dec 18, 2022","0.078437","0.079212","0.080041","0.077641","944.00M","-0.98%"
"Dec 17, 2022","0.079213","0.075821","0.079417","0.075551","1.99B","4.53%"
"Dec 16, 2022","0.075783","0.084790","0.086787","0.074476","2.64B","-10.62%"
"Dec 15, 2022","0.084790","0.088220","0.088779","0.084204","1.30B","-3.88%"
"Dec 14, 2022","0.088211","0.091038","0.092372","0.087642","1.78B","-3.09%"
"Dec 13, 2022","0.091023","0.090286","0.094664","0.087269","2.30B","0.82%"
"Dec 12, 2022","0.090281","0.092657","0.092987","0.085129","2.68B","-2.64%"
"Dec 11, 2022","0.092725","0.096382","0.097117","0.092025","832.14M","-3.80%"
"Dec 10, 2022","0.096385","0.096692","0.097361","0.096070","607.12M","-0.31%"
"Dec 09, 2022","0.096684","0.098508","0.099272","0.095707","1.22B","-1.86%"
"Dec 08, 2022","0.098512","0.095740","0.099027","0.094852","1.30B","2.91%"
"Dec 07, 2022","0.095730","0.100190","0.101192","0.093419","1.79B","-4.44%"
"Dec 06, 2022","0.100178","0.101484","0.102728","0.098121","1.51B","-1.29%"
"Dec 05, 2022","0.101488","0.104139","0.111584","0.099575","2.70B","-2.51%"
"Dec 04, 2022","0.104097","0.099597","0.105412","0.099552","2.04B","4.52%"
"Dec 03, 2022","0.099595","0.102198","0.102899","0.098700","1.80B","-2.54%"
"Dec 02, 2022","0.102187","0.101708","0.103398","0.096942","2.06B","0.47%"
"Dec 01, 2022","0.101708","0.106775","0.107715","0.100512","2.50B","-4.75%"
"Nov 30, 2022","0.106775","0.101480","0.109820","0.100010","3.81B","5.21%"
"Nov 29, 2022","0.101484","0.095139","0.104971","0.093712","3.85B","6.67%"
"Nov 28, 2022","0.095136","0.098537","0.099435","0.090785","4.31B","-3.43%"
"Nov 27, 2022","0.098519","0.088906","0.107755","0.088810","5.56B","10.82%"
"Nov 26, 2022","0.088904","0.089357","0.095262","0.087559","2.62B","-0.50%"
"Nov 25, 2022","0.089350","0.081459","0.091394","0.080777","3.26B","9.69%"
"Nov 24, 2022","0.081459","0.081976","0.084131","0.080554","982.58M","-0.63%"
"Nov 23, 2022","0.081978","0.078728","0.083464","0.077829","1.67B","4.18%"
"Nov 22, 2022","0.078692","0.074668","0.079510","0.073346","1.91B","5.39%"
"Nov 21, 2022","0.074666","0.077082","0.077259","0.071512","2.42B","-3.11%"
"Nov 20, 2022","0.077064","0.084521","0.085797","0.076582","1.55B","-8.83%"
"Nov 19, 2022","0.084529","0.084121","0.084957","0.083840","641.01M","0.29%"
"Nov 18, 2022","0.084285","0.085026","0.085901","0.083653","1.05B","-0.59%"
"Nov 17, 2022","0.084787","0.084884","0.087207","0.082764","1.44B","-0.11%"
"Nov 16, 2022","0.084883","0.087030","0.091109","0.083648","1.99B","-2.47%"
"Nov 15, 2022","0.087030","0.085879","0.089413","0.085163","1.84B","1.34%"
"Nov 14, 2022","0.085879","0.084991","0.090930","0.079456","3.30B","1.04%"
"Nov 13, 2022","0.084993","0.088086","0.091381","0.083175","2.88B","-3.49%"
"Nov 12, 2022","0.088070","0.085067","0.094503","0.078578","4.89B","3.49%"
"Nov 11, 2022","0.085096","0.089720","0.092769","0.080232","3.40B","-5.16%"
"Nov 10, 2022","0.089723","0.074224","0.093836","0.073521","6.20B","20.87%"
"Nov 09, 2022","0.074228","0.088374","0.091945","0.070767","7.51B","-15.95%"
"Nov 08, 2022","0.088311","0.111210","0.112465","0.078195","8.97B","-20.59%"
"Nov 07, 2022","0.111210","0.114765","0.118970","0.108016","2.82B","-3.09%"
"Nov 06, 2022","0.114755","0.124473","0.127520","0.112910","2.54B","-7.80%"
"Nov 05, 2022","0.124469","0.126094","0.135591","0.122251","3.62B","-1.30%"
"Nov 04, 2022","0.126109","0.122372","0.129056","0.115611","6.32B","3.07%"
"Nov 03, 2022","0.122354","0.127706","0.136887","0.120139","5.36B","-4.24%"
"Nov 02, 2022","0.127765","0.142183","0.147603","0.122578","8.86B","-10.18%"
"Nov 01, 2022","0.142243","0.126834","0.158237","0.124880","12.96B","12.13%"
"Oct 31, 2022","0.126858","0.117636","0.130866","0.114439","9.63B","7.86%"
"Oct 30, 2022","0.117611","0.121878","0.143027","0.112175","11.68B","-3.50%"
"Oct 29, 2022","0.121873","0.083749","0.150228","0.083042","19.47B","45.51%"
"Oct 28, 2022","0.083754","0.076846","0.088300","0.072656","8.12B","8.99%"
"Oct 27, 2022","0.076844","0.072803","0.085412","0.071784","7.01B","5.55%"
"Oct 26, 2022","0.072806","0.062945","0.073536","0.062625","3.81B","15.66%"
"Oct 25, 2022","0.062951","0.059452","0.064170","0.059148","1.49B","5.89%"
"Oct 24, 2022","0.059447","0.060370","0.060889","0.058700","507.06M","-1.53%"
"Oct 23, 2022","0.060370","0.059691","0.060444","0.058837","380.52M","1.14%"
"Oct 22, 2022","0.059691","0.059318","0.059892","0.059109","310.03M","0.63%"
"Oct 21, 2022","0.059317","0.059434","0.059493","0.057233","473.97M","-0.20%"
"Oct 20, 2022","0.059439","0.058691","0.060315","0.058283","693.89M","1.27%"
"Oct 19, 2022","0.058691","0.059754","0.060757","0.058356","729.82M","-1.78%"
"Oct 18, 2022","0.059754","0.059943","0.061015","0.058557","539.99M","-0.31%"
"Oct 17, 2022","0.059943","0.058900","0.060165","0.058557","304.53M","1.79%"
"Oct 16, 2022","0.058890","0.058564","0.059435","0.058490","246.76M","0.55%"
"Oct 15, 2022","0.058568","0.058663","0.059734","0.058003","366.71M","-0.16%"
"Oct 14, 2022","0.058663","0.059650","0.061004","0.058204","516.32M","-1.66%"
"Oct 13, 2022","0.059650","0.059810","0.060230","0.055189","1.14B","-0.27%"
"Oct 12, 2022","0.059810","0.060246","0.060988","0.059333","395.67M","-0.73%"
"Oct 11, 2022","0.060249","0.059381","0.060844","0.057564","741.52M","1.47%"
"Oct 10, 2022","0.059376","0.062125","0.062505","0.059367","645.77M","-4.42%"
"Oct 09, 2022","0.062125","0.061642","0.062378","0.061189","343.06M","0.78%"
"Oct 08, 2022","0.061642","0.062365","0.062656","0.061215","360.93M","-1.18%"
"Oct 07, 2022","0.062378","0.063445","0.063816","0.061377","801.92M","-1.69%"
"Oct 06, 2022","0.063453","0.064781","0.066794","0.063019","1.06B","-2.05%"
"Oct 05, 2022","0.064781","0.065842","0.066697","0.062792","1.73B","-1.58%"
"Oct 04, 2022","0.065823","0.060341","0.066343","0.059956","2.59B","9.09%"
"Oct 03, 2022","0.060337","0.059239","0.060490","0.058851","515.86M","1.85%"
"Oct 02, 2022","0.059239","0.060584","0.060958","0.058940","502.90M","-2.21%"
"Oct 01, 2022","0.060579","0.061675","0.063071","0.060288","1.03B","-1.78%"
"Sep 30, 2022","0.061677","0.060834","0.062199","0.059839","985.49M","1.40%"
"Sep 29, 2022","0.060827","0.060507","0.061075","0.059309","567.05M","0.50%"
"Sep 28, 2022","0.060521","0.060497","0.061089","0.058553","721.76M","0.04%"
"Sep 27, 2022","0.060498","0.061130","0.063046","0.059796","939.39M","-1.03%"
"Sep 26, 2022","0.061129","0.061179","0.061867","0.059901","865.73M","-0.08%"
"Sep 25, 2022","0.061179","0.063105","0.063847","0.060119","1.05B","-3.05%"
"Sep 24, 2022","0.063106","0.063370","0.068159","0.062808","3.23B","-0.42%"
"Sep 23, 2022","0.063370","0.059580","0.064205","0.059220","2.09B","6.37%"
"Sep 22, 2022","0.059577","0.057188","0.060039","0.056841","816.19M","4.17%"
"Sep 21, 2022","0.057190","0.058409","0.060734","0.056106","1.32B","-2.09%"
"Sep 20, 2022","0.058409","0.058528","0.060497","0.057620","898.13M","-0.21%"
"Sep 19, 2022","0.058531","0.057449","0.058809","0.055954","955.50M","1.90%"
"Sep 18, 2022","0.057439","0.062210","0.062210","0.056881","836.91M","-7.66%"
"Sep 17, 2022","0.062204","0.060468","0.062385","0.060263","706.96M","2.88%"
"Sep 16, 2022","0.060465","0.058613","0.060488","0.058146","822.86M","3.15%"
"Sep 15, 2022","0.058617","0.061122","0.061208","0.058498","1.11B","-4.10%"
"Sep 14, 2022","0.061121","0.059625","0.061443","0.059306","1.17B","2.50%"
"Sep 13, 2022","0.059632","0.063953","0.064147","0.059268","1.50B","-6.76%"
"Sep 12, 2022","0.063952","0.063699","0.065359","0.062630","1.06B","0.44%"
"Sep 11, 2022","0.063672","0.064673","0.065288","0.062644","1.06B","-1.54%"
"Sep 10, 2022","0.064670","0.063876","0.065386","0.063217","1.32B","1.24%"
"Sep 09, 2022","0.063876","0.060956","0.064662","0.060911","1.54B","4.78%"
"Sep 08, 2022","0.060960","0.060965","0.061400","0.059674","755.31M","-0.01%"
"Sep 07, 2022","0.060966","0.058853","0.061520","0.057526","941.23M","3.59%"
"Sep 06, 2022","0.058853","0.062710","0.065124","0.058203","1.59B","-6.16%"
"Sep 05, 2022","0.062714","0.063211","0.063719","0.061049","659.09M","-0.79%"
"Sep 04, 2022","0.063211","0.062646","0.063708","0.061841","705.39M","0.90%"
"Sep 03, 2022","0.062648","0.061643","0.063807","0.061146","904.51M","1.59%"
"Sep 02, 2022","0.061668","0.062299","0.062718","0.060727","754.25M","-1.02%"
"Sep 01, 2022","0.062304","0.061329","0.062551","0.059984","957.75M","1.60%"
"Aug 31, 2022","0.061323","0.061505","0.063418","0.060768","943.83M","-0.29%"
"Aug 30, 2022","0.061503","0.063815","0.064372","0.060242","969.52M","-3.61%"
"Aug 29, 2022","0.063809","0.061646","0.064013","0.060917","982.15M","3.50%"
"Aug 28, 2022","0.061650","0.063382","0.064149","0.061336","916.32M","-2.69%"
"Aug 27, 2022","0.063352","0.063316","0.063973","0.062231","1.21B","0.03%"
"Aug 26, 2022","0.063331","0.068790","0.069127","0.062709","1.95B","-7.86%"
"Aug 25, 2022","0.068737","0.067708","0.071312","0.067644","1.30B","1.54%"
"Aug 24, 2022","0.067697","0.068487","0.069348","0.066785","839.41M","-1.18%"
"Aug 23, 2022","0.068507","0.068085","0.068927","0.066662","750.63M","0.87%"
"Aug 22, 2022","0.067914","0.068997","0.069078","0.064882","1.30B","-1.57%"
"Aug 21, 2022","0.068996","0.069174","0.070484","0.067366","1.35B","-0.25%"
"Aug 20, 2022","0.069172","0.067719","0.070807","0.067575","1.74B","2.28%"
"Aug 19, 2022","0.067629","0.074347","0.074837","0.066952","3.23B","-9.02%"
"Aug 18, 2022","0.074337","0.079612","0.081420","0.073574","1.80B","-6.66%"
"Aug 17, 2022","0.079641","0.085749","0.087760","0.079005","2.89B","-7.11%"
"Aug 16, 2022","0.085735","0.076055","0.088242","0.075725","5.69B","12.78%"
"Aug 15, 2022","0.076022","0.080708","0.080895","0.074258","2.50B","-5.81%"
"Aug 14, 2022","0.080711","0.072552","0.083282","0.072287","4.47B","11.29%"
"Aug 13, 2022","0.072524","0.071932","0.074583","0.071497","1.17B","0.82%"
"Aug 12, 2022","0.071934","0.070503","0.072299","0.069482","782.41M","2.03%"
"Aug 11, 2022","0.070503","0.070888","0.074604","0.070170","1.64B","-0.54%"
"Aug 10, 2022","0.070888","0.068750","0.071091","0.066582","1.25B","3.11%"
"Aug 09, 2022","0.068751","0.069896","0.073732","0.067769","1.84B","-1.63%"
"Aug 08, 2022","0.069893","0.068877","0.072082","0.068768","1.13B","1.48%"
"Aug 07, 2022","0.068877","0.068618","0.069856","0.067464","504.36M","0.38%"
"Aug 06, 2022","0.068618","0.069699","0.071065","0.068440","758.12M","-1.55%"
"Aug 05, 2022","0.069697","0.067216","0.070095","0.067206","948.32M","3.69%"
"Aug 04, 2022","0.067214","0.066174","0.067541","0.065783","626.19M","1.57%"
"Aug 03, 2022","0.066174","0.066536","0.068387","0.065169","691.87M","-0.54%"
"Aug 02, 2022","0.066534","0.068496","0.069023","0.065524","853.83M","-2.88%"
"Aug 01, 2022","0.068508","0.068110","0.071145","0.066890","1.17B","0.59%"
"Jul 31, 2022","0.068106","0.069602","0.072109","0.067836","1.13B","-2.14%"
"Jul 30, 2022","0.069598","0.068693","0.074323","0.068059","1.89B","1.32%"
"Jul 29, 2022","0.068691","0.069114","0.072367","0.067328","1.57B","-0.61%"
"Jul 28, 2022","0.069110","0.067187","0.070798","0.065341","1.51B","2.86%"
"Jul 27, 2022","0.067190","0.062552","0.067190","0.061788","1.07B","7.42%"
"Jul 26, 2022","0.062549","0.061905","0.062634","0.060154","853.37M","0.94%"
"Jul 25, 2022","0.061967","0.067534","0.067951","0.061819","995.87M","-8.28%"
"Jul 24, 2022","0.067562","0.068042","0.068921","0.067340","603.61M","-0.70%"
"Jul 23, 2022","0.068040","0.067364","0.069444","0.065983","773.65M","0.99%"
"Jul 22, 2022","0.067371","0.070010","0.071375","0.066815","971.46M","-3.77%"
"Jul 21, 2022","0.070011","0.070075","0.070844","0.067027","1.13B","-0.09%"
"Jul 20, 2022","0.070075","0.069039","0.076849","0.067779","2.78B","1.49%"
"Jul 19, 2022","0.069045","0.067684","0.070209","0.065493","1.52B","2.01%"
"Jul 18, 2022","0.067685","0.063038","0.068797","0.063006","1.67B","7.37%"
"Jul 17, 2022","0.063038","0.064374","0.065493","0.062921","634.14M","-2.06%"
"Jul 16, 2022","0.064362","0.062932","0.064804","0.061781","712.45M","2.27%"
"Jul 15, 2022","0.062936","0.062429","0.064359","0.061648","968.14M","0.82%"
"Jul 14, 2022","0.062424","0.061948","0.062774","0.059506","899.83M","0.77%"
"Jul 13, 2022","0.061949","0.059787","0.062078","0.057692","1.21B","3.63%"
"Jul 12, 2022","0.059780","0.061744","0.062976","0.059733","719.50M","-3.19%"
"Jul 11, 2022","0.061751","0.067239","0.067242","0.061208","883.59M","-8.16%"
"Jul 10, 2022","0.067237","0.069464","0.069480","0.066316","707.63M","-3.21%"
"Jul 09, 2022","0.069464","0.069081","0.070112","0.068856","494.86M","0.57%"
"Jul 08, 2022","0.069073","0.070593","0.073260","0.068283","1.14B","-2.14%"
"Jul 07, 2022","0.070584","0.068458","0.071174","0.067936","973.80M","3.10%"
"Jul 06, 2022","0.068460","0.067160","0.069255","0.066214","956.69M","1.94%"
"Jul 05, 2022","0.067160","0.069326","0.069982","0.065542","914.26M","-3.11%"
"Jul 04, 2022","0.069318","0.067208","0.069776","0.065694","939.54M","3.15%"
"Jul 03, 2022","0.067199","0.066633","0.067457","0.064958","684.15M","0.87%"
"Jul 02, 2022","0.066623","0.066416","0.067791","0.065629","916.81M","0.32%"
"Jul 01, 2022","0.066411","0.066301","0.068075","0.063989","1.32B","0.14%"
"Jun 30, 2022","0.066322","0.069495","0.069650","0.062376","1.66B","-4.58%"
"Jun 29, 2022","0.069504","0.066050","0.071455","0.064197","1.69B","5.23%"
"Jun 28, 2022","0.066046","0.072003","0.073116","0.065470","1.63B","-8.25%"
"Jun 27, 2022","0.071983","0.072941","0.078601","0.070597","2.74B","-1.31%"
"Jun 26, 2022","0.072938","0.068507","0.077486","0.067255","2.68B","6.47%"
"Jun 25, 2022","0.068507","0.066911","0.069195","0.065134","1.16B","2.38%"
"Jun 24, 2022","0.066913","0.063959","0.068294","0.063941","1.36B","4.64%"
"Jun 23, 2022","0.063945","0.061674","0.064688","0.061647","1.27B","3.71%"
"Jun 22, 2022","0.061659","0.065781","0.065786","0.061093","1.96B","-6.25%"
"Jun 21, 2022","0.065773","0.060046","0.069720","0.059037","3.30B","9.54%"
"Jun 20, 2022","0.060043","0.060477","0.061324","0.057453","1.51B","-0.71%"
"Jun 19, 2022","0.060469","0.052884","0.062835","0.051185","3.64B","14.37%"
"Jun 18, 2022","0.052871","0.056857","0.057822","0.049239","2.39B","-7.00%"
"Jun 17, 2022","0.056851","0.055206","0.058002","0.054641","1.17B","3.02%"
"Jun 16, 2022","0.055182","0.062798","0.062798","0.054264","2.54B","-11.96%"
"Jun 15, 2022","0.062678","0.055547","0.063649","0.050452","3.69B","12.79%"
"Jun 14, 2022","0.055569","0.054180","0.058345","0.049870","3.30B","2.63%"
"Jun 13, 2022","0.054145","0.063531","0.065888","0.052494","4.78B","-14.77%"
"Jun 12, 2022","0.063528","0.069845","0.070311","0.063490","1.99B","-8.99%"
"Jun 11, 2022","0.069803","0.075364","0.076459","0.068175","1.29B","-7.38%"
"Jun 10, 2022","0.075363","0.079343","0.079653","0.074248","906.17M","-5.03%"
"Jun 09, 2022","0.079351","0.079288","0.081035","0.078945","546.14M","0.08%"
"Jun 08, 2022","0.079291","0.080365","0.081545","0.078834","849.30M","-1.35%"
"Jun 07, 2022","0.080374","0.082501","0.082540","0.077819","1.27B","-2.56%"
"Jun 06, 2022","0.082489","0.081038","0.084687","0.080903","1.37B","1.69%"
"Jun 05, 2022","0.081115","0.081835","0.082193","0.080596","647.40M","-0.88%"
"Jun 04, 2022","0.081835","0.080273","0.082428","0.079337","906.09M","1.94%"
"Jun 03, 2022","0.080275","0.082757","0.082939","0.079380","1.02B","-3.00%"
"Jun 02, 2022","0.082755","0.080976","0.083114","0.080106","1.15B","2.20%"
"Jun 01, 2022","0.080970","0.085831","0.089324","0.079056","2.50B","-5.63%"
"May 31, 2022","0.085803","0.087918","0.088425","0.083159","1.79B","-2.38%"
"May 30, 2022","0.087898","0.082699","0.088414","0.082110","1.63B","6.29%"
"May 29, 2022","0.082697","0.081798","0.083221","0.079956","569.60M","1.10%"
"May 28, 2022","0.081798","0.081332","0.083190","0.080876","833.58M","0.60%"
"May 27, 2022","0.081310","0.077868","0.087072","0.076101","2.80B","4.41%"
"May 26, 2022","0.077878","0.082975","0.083702","0.075445","1.26B","-6.14%"
"May 25, 2022","0.082975","0.083675","0.084473","0.082118","613.71M","-0.77%"
"May 24, 2022","0.083616","0.083276","0.084311","0.080195","581.83M","0.46%"
"May 23, 2022","0.083231","0.085874","0.088293","0.082195","763.73M","-3.08%"
"May 22, 2022","0.085874","0.084428","0.086644","0.083853","344.76M","1.71%"
"May 21, 2022","0.084427","0.083892","0.085293","0.082574","327.66M","0.68%"
"May 20, 2022","0.083859","0.086643","0.087901","0.082608","732.84M","-3.23%"
"May 19, 2022","0.086661","0.083366","0.087415","0.081508","854.45M","3.95%"
"May 18, 2022","0.083366","0.090267","0.090967","0.083151","988.79M","-7.66%"
"May 17, 2022","0.090277","0.087985","0.091331","0.086973","1.01B","2.64%"
"May 16, 2022","0.087952","0.093191","0.093191","0.085903","1.05B","-5.63%"
"May 15, 2022","0.093197","0.089386","0.093197","0.086587","1.16B","4.26%"
"May 14, 2022","0.089386","0.088083","0.091874","0.083685","1.68B","1.47%"
"May 13, 2022","0.088090","0.082447","0.095103","0.082152","3.69B","6.78%"
"May 12, 2022","0.082498","0.084823","0.089624","0.068584","6.26B","-2.74%"
"May 11, 2022","0.084818","0.108044","0.110705","0.075829","7.18B","-21.43%"
"May 10, 2022","0.107958","0.101361","0.118172","0.099659","3.10B","6.48%"
"May 09, 2022","0.101385","0.124116","0.125198","0.101263","3.17B","-18.31%"
"May 08, 2022","0.124115","0.127451","0.128175","0.123157","1.14B","-2.63%"
"May 07, 2022","0.127464","0.127811","0.132207","0.124916","1.33B","-0.27%"
"May 06, 2022","0.127806","0.128132","0.129771","0.123792","1.40B","-0.22%"
"May 05, 2022","0.128090","0.135906","0.137688","0.126271","2.42B","-5.75%"
"May 04, 2022","0.135905","0.129415","0.136086","0.129008","1.44B","5.02%"
"May 03, 2022","0.129413","0.130799","0.131888","0.126586","903.77M","-1.06%"
"May 02, 2022","0.130802","0.132761","0.133896","0.127735","1.19B","-1.49%"
"May 01, 2022","0.132776","0.127440","0.136289","0.126110","1.77B","4.17%"
"Apr 30, 2022","0.127465","0.134927","0.136757","0.124521","1.82B","-5.52%"
"Apr 29, 2022","0.134912","0.137491","0.144982","0.133296","2.93B","-1.89%"
"Apr 28, 2022","0.137507","0.139976","0.143221","0.135475","2.20B","-1.76%"
"Apr 27, 2022","0.139966","0.137684","0.145590","0.135230","3.41B","1.66%"
"Apr 26, 2022","0.137684","0.157851","0.166093","0.136269","9.46B","-12.77%"
"Apr 25, 2022","0.157843","0.131732","0.169885","0.122725","10.48B","19.81%"
"Apr 24, 2022","0.131746","0.133811","0.134709","0.131198","749.44M","-1.53%"
"Apr 23, 2022","0.133795","0.136355","0.136716","0.133356","512.07M","-1.89%"
"Apr 22, 2022","0.136372","0.136210","0.138037","0.134792","833.46M","0.13%"
"Apr 21, 2022","0.136198","0.140635","0.142716","0.134425","1.28B","-3.14%"
"Apr 20, 2022","0.140619","0.142581","0.146577","0.139125","1.93B","-1.40%"
"Apr 19, 2022","0.142616","0.140206","0.144459","0.139230","1.20B","1.72%"
"Apr 18, 2022","0.140206","0.139140","0.140429","0.133746","1.77B","0.74%"
"Apr 17, 2022","0.139173","0.143524","0.144905","0.138530","1.03B","-3.04%"
"Apr 16, 2022","0.143530","0.145930","0.147924","0.141461","1.09B","-1.65%"
"Apr 15, 2022","0.145933","0.144022","0.149694","0.142113","2.06B","1.41%"
"Apr 14, 2022","0.143911","0.139871","0.147435","0.137294","3.26B","2.89%"
"Apr 13, 2022","0.139871","0.137934","0.142936","0.136486","1.55B","1.35%"
"Apr 12, 2022","0.138006","0.134100","0.144376","0.133234","2.40B","2.90%"
"Apr 11, 2022","0.134113","0.148102","0.151386","0.133025","3.15B","-9.43%"
"Apr 10, 2022","0.148070","0.144212","0.157515","0.143608","3.79B","2.71%"
"Apr 09, 2022","0.144170","0.142583","0.144513","0.140738","921.02M","1.13%"
"Apr 08, 2022","0.142564","0.146059","0.153003","0.140731","3.26B","-2.38%"
"Apr 07, 2022","0.146036","0.143365","0.148172","0.140280","2.80B","2.05%"
"Apr 06, 2022","0.143102","0.172654","0.174104","0.142508","7.38B","-17.05%"
"Apr 05, 2022","0.172508","0.148517","0.179018","0.147416","9.36B","16.16%"
"Apr 04, 2022","0.148512","0.146325","0.156286","0.141496","4.01B","1.51%"
"Apr 03, 2022","0.146308","0.138697","0.149395","0.136300","1.85B","5.48%"
"Apr 02, 2022","0.138704","0.141403","0.144299","0.138369","1.21B","-1.88%"
"Apr 01, 2022","0.141361","0.138077","0.142561","0.132265","1.60B","2.36%"
"Mar 31, 2022","0.138099","0.143170","0.147802","0.136352","2.13B","-3.47%"
"Mar 30, 2022","0.143061","0.144501","0.145389","0.138524","1.68B","-1.00%"
"Mar 29, 2022","0.144503","0.142177","0.148796","0.140795","1.80B","1.62%"
"Mar 28, 2022","0.142204","0.144832","0.153500","0.141409","2.93B","-1.82%"
"Mar 27, 2022","0.144839","0.136072","0.145376","0.135541","2.75B","6.42%"
"Mar 26, 2022","0.136101","0.130813","0.136825","0.129090","1.21B","4.03%"
"Mar 25, 2022","0.130831","0.136814","0.137471","0.128025","1.82B","-4.34%"
"Mar 24, 2022","0.136773","0.129805","0.140907","0.127841","3.37B","5.36%"
"Mar 23, 2022","0.129818","0.122436","0.131183","0.121085","1.83B","6.05%"
"Mar 22, 2022","0.122418","0.119245","0.125622","0.118728","1.03B","2.68%"
"Mar 21, 2022","0.119218","0.119099","0.121586","0.117789","724.69M","0.14%"
"Mar 20, 2022","0.119054","0.123539","0.124079","0.117460","688.17M","-3.63%"
"Mar 19, 2022","0.123535","0.119188","0.124991","0.118400","1.11B","3.63%"
"Mar 18, 2022","0.119207","0.116343","0.119528","0.114314","339.03M","2.47%"
"Mar 17, 2022","0.116336","0.116988","0.119228","0.116135","355.05M","-0.57%"
"Mar 16, 2022","0.116997","0.112591","0.117025","0.112107","527.73M","3.91%"
"Mar 15, 2022","0.112591","0.113975","0.114209","0.110292","346.15M","-1.17%"
"Mar 14, 2022","0.113923","0.111566","0.121335","0.110319","774.55M","2.08%"
"Mar 13, 2022","0.111600","0.114717","0.116291","0.110102","348.52M","-2.71%"
"Mar 12, 2022","0.114710","0.115419","0.117289","0.114710","109.33M","-0.61%"
"Mar 11, 2022","0.115416","0.116885","0.118459","0.114119","214.96M","-1.26%"
"Mar 10, 2022","0.116885","0.121489","0.121751","0.115029","359.25M","-3.79%"
"Mar 09, 2022","0.121489","0.117086","0.123962","0.116574","305.95M","3.76%"
"Mar 08, 2022","0.117086","0.118887","0.119963","0.115344","297.77M","0.11%"
"Mar 07, 2022","0.116952","0.123778","0.123785","0.113997","275.56M","-5.51%"
"Mar 06, 2022","0.123778","0.123118","0.125528","0.119675","217.34M","0.54%"
"Mar 05, 2022","0.123119","0.122519","0.126188","0.121068","137.36M","0.51%"
"Mar 04, 2022","0.122496","0.129689","0.130596","0.120270","373.02M","-5.55%"
"Mar 03, 2022","0.129689","0.133033","0.133808","0.127289","691.75M","-2.51%"
"Mar 02, 2022","0.133033","0.133950","0.136758","0.130792","885.68M","-0.69%"
"Mar 01, 2022","0.133951","0.133470","0.138805","0.129953","1.25B","0.36%"
"Feb 28, 2022","0.133469","0.122965","0.134819","0.121422","1.07B","8.54%"
"Feb 27, 2022","0.122963","0.127599","0.128330","0.121306","883.80M","-3.63%"
"Feb 26, 2022","0.127596","0.127659","0.130276","0.125801","764.79M","-0.05%"
"Feb 25, 2022","0.127659","0.124013","0.128290","0.120605","1.15B","2.94%"
"Feb 24, 2022","0.124013","0.127247","0.127674","0.107474","4.01B","-2.52%"
"Feb 23, 2022","0.127224","0.131335","0.135383","0.127222","959.11M","-3.14%"
"Feb 22, 2022","0.131352","0.128120","0.131786","0.124295","1.21B","2.55%"
"Feb 21, 2022","0.128089","0.136627","0.141556","0.127261","1.69B","-6.24%"
"Feb 20, 2022","0.136611","0.140909","0.141095","0.135477","838.15M","-3.05%"
"Feb 19, 2022","0.140908","0.138599","0.146354","0.138484","1.07B","1.68%"
"Feb 18, 2022","0.138583","0.138369","0.142164","0.136167","980.76M","0.12%"
"Feb 17, 2022","0.138414","0.148754","0.149999","0.137236","1.23B","-6.95%"
"Feb 16, 2022","0.148757","0.151606","0.151643","0.146288","704.25M","-1.89%"
"Feb 15, 2022","0.151626","0.145778","0.152347","0.144858","966.78M","3.93%"
"Feb 14, 2022","0.145895","0.148129","0.150132","0.142986","1.46B","-1.53%"
"Feb 13, 2022","0.148156","0.144302","0.157644","0.143727","2.61B","2.67%"
"Feb 12, 2022","0.144303","0.144804","0.147246","0.140862","969.02M","-0.37%"
"Feb 11, 2022","0.144842","0.151458","0.154203","0.142630","1.21B","-4.34%"
"Feb 10, 2022","0.151417","0.159353","0.160551","0.150656","1.60B","-4.99%"
"Feb 09, 2022","0.159365","0.158127","0.162069","0.154445","1.29B","0.83%"
"Feb 08, 2022","0.158056","0.165201","0.169607","0.153091","2.06B","-4.32%"
"Feb 07, 2022","0.165193","0.154009","0.172657","0.151500","3.20B","7.27%"
"Feb 06, 2022","0.153996","0.146911","0.155418","0.144764","1.23B","4.81%"
"Feb 05, 2022","0.146924","0.147812","0.150426","0.144942","941.50M","-0.55%"
"Feb 04, 2022","0.147737","0.137855","0.148024","0.137041","1.05B","7.16%"
"Feb 03, 2022","0.137860","0.137059","0.138802","0.134797","718.45M","0.59%"
"Feb 02, 2022","0.137058","0.142329","0.146100","0.136238","915.12M","-3.71%"
"Feb 01, 2022","0.142331","0.141611","0.144250","0.140893","766.06M","0.49%"
"Jan 31, 2022","0.141632","0.139249","0.142377","0.136478","761.97M","1.69%"
"Jan 30, 2022","0.139284","0.142894","0.143683","0.138172","652.68M","-2.56%"
"Jan 29, 2022","0.142947","0.141465","0.143986","0.140551","645.28M","1.01%"
"Jan 28, 2022","0.141519","0.141355","0.142473","0.137964","883.86M","0.20%"
"Jan 27, 2022","0.141236","0.143016","0.145477","0.136276","1.30B","-1.21%"
"Jan 26, 2022","0.142961","0.142660","0.153061","0.141062","2.42B","0.21%"
"Jan 25, 2022","0.142655","0.137328","0.149085","0.132605","2.41B","3.86%"
"Jan 24, 2022","0.137352","0.141759","0.141804","0.126167","3.07B","-3.10%"
"Jan 23, 2022","0.141739","0.133278","0.144228","0.132155","2.35B","6.36%"
"Jan 22, 2022","0.133266","0.142031","0.145131","0.120493","4.22B","-6.24%"
"Jan 21, 2022","0.142142","0.155381","0.157406","0.140155","2.76B","-8.56%"
"Jan 20, 2022","0.155450","0.161634","0.169228","0.154094","1.40B","-3.80%"
"Jan 19, 2022","0.161593","0.165118","0.169457","0.159315","1.59B","-2.15%"
"Jan 18, 2022","0.165144","0.170955","0.174161","0.161821","1.70B","-3.42%"
"Jan 17, 2022","0.170996","0.176683","0.177928","0.165780","1.86B","-3.20%"
"Jan 16, 2022","0.176653","0.184707","0.184707","0.173712","1.77B","-4.35%"
"Jan 15, 2022","0.184686","0.183131","0.194355","0.181760","2.74B","0.89%"
"Jan 14, 2022","0.183061","0.171686","0.211988","0.170741","8.91B","6.64%"
"Jan 13, 2022","0.171666","0.162804","0.176629","0.161362","3.74B","5.47%"
"Jan 12, 2022","0.162769","0.153702","0.163087","0.151351","1.54B","5.91%"
"Jan 11, 2022","0.153689","0.143175","0.165965","0.141826","2.78B","7.34%"
"Jan 10, 2022","0.143180","0.150545","0.152149","0.137370","1.47B","-4.87%"
"Jan 09, 2022","0.150507","0.150882","0.153731","0.148723","699.42M","-0.24%"
"Jan 08, 2022","0.150862","0.154882","0.157782","0.145722","1.08B","-2.59%"
"Jan 07, 2022","0.154876","0.160096","0.160204","0.149425","1.88B","-3.26%"
"Jan 06, 2022","0.160091","0.158952","0.161965","0.154099","1.21B","0.76%"
"Jan 05, 2022","0.158881","0.168516","0.170927","0.147528","1.78B","-5.71%"
"Jan 04, 2022","0.168498","0.170280","0.172556","0.166777","849.69M","-0.97%"
"Jan 03, 2022","0.170154","0.174443","0.174493","0.167531","798.45M","-2.45%"
"Jan 02, 2022","0.174435","0.173105","0.176137","0.170661","525.95M","0.76%"
"Jan 01, 2022","0.173115","0.170297","0.173674","0.169770","546.16M","1.65%"
"Dec 31, 2021","0.170297","0.171045","0.175692","0.166378","1.08B","-0.43%"
"Dec 30, 2021","0.171028","0.167867","0.175694","0.165382","911.70M","1.89%"
"Dec 29, 2021","0.167849","0.173814","0.177313","0.166564","1.31B","-3.43%"
"Dec 28, 2021","0.173805","0.187786","0.187915","0.172172","1.65B","-7.43%"
"Dec 27, 2021","0.187748","0.189775","0.192787","0.187022","1.01B","-1.06%"
"Dec 26, 2021","0.189756","0.190581","0.192471","0.185259","909.53M","-0.41%"
"Dec 25, 2021","0.190539","0.186246","0.194640","0.184861","1.46B","2.30%"
"Dec 24, 2021","0.186256","0.184896","0.195061","0.179521","2.10B","0.78%"
"Dec 23, 2021","0.184817","0.173029","0.184817","0.171401","1.70B","6.86%"
"Dec 22, 2021","0.172948","0.170874","0.179554","0.169720","1.43B","1.24%"
"Dec 21, 2021","0.170831","0.167128","0.172228","0.165807","892.90M","2.24%"
"Dec 20, 2021","0.167083","0.169424","0.170683","0.161241","1.43B","-1.39%"
"Dec 19, 2021","0.169432","0.172374","0.174585","0.169191","841.12M","-1.69%"
"Dec 18, 2021","0.172349","0.168523","0.175310","0.166166","999.07M","2.14%"
"Dec 17, 2021","0.168740","0.173144","0.176502","0.161859","1.71B","-2.64%"
"Dec 16, 2021","0.173323","0.180958","0.185111","0.172426","1.74B","-4.22%"
"Dec 15, 2021","0.180957","0.190981","0.191070","0.170734","3.86B","-5.26%"
"Dec 14, 2021","0.190998","0.157378","0.219922","0.155293","11.07B","21.37%"
"Dec 13, 2021","0.157372","0.169677","0.170387","0.151692","1.76B","-7.26%"
"Dec 12, 2021","0.169689","0.168788","0.173228","0.165701","888.57M","0.57%"
"Dec 11, 2021","0.168723","0.164007","0.169926","0.161272","1.18B","2.91%"
"Dec 10, 2021","0.163958","0.169115","0.174449","0.163725","1.34B","-3.07%"
"Dec 09, 2021","0.169148","0.179136","0.181894","0.169076","1.76B","-5.48%"
"Dec 08, 2021","0.178961","0.176389","0.182048","0.172440","1.66B","1.49%"
"Dec 07, 2021","0.176340","0.177924","0.183701","0.175281","1.86B","-1.10%"
"Dec 06, 2021","0.178293","0.171367","0.180435","0.159361","3.08B","4.06%"
"Dec 05, 2021","0.171336","0.178943","0.180974","0.162521","2.56B","-4.25%"
"Dec 04, 2021","0.178945","0.199876","0.200272","0.133105","8.45B","-10.50%"
"Dec 03, 2021","0.199932","0.209496","0.211818","0.190763","1.86B","-4.55%"
"Dec 02, 2021","0.209467","0.209312","0.223029","0.201681","2.78B","0.06%"
"Dec 01, 2021","0.209332","0.214438","0.218703","0.205972","1.36B","-2.38%"
"Nov 30, 2021","0.214425","0.214956","0.226857","0.212852","2.71B","-0.25%"
"Nov 29, 2021","0.214954","0.207422","0.224492","0.202924","2.95B","3.59%"
"Nov 28, 2021","0.207497","0.205053","0.207497","0.191536","1.50B","1.19%"
"Nov 27, 2021","0.205067","0.201218","0.209279","0.200986","1.41B","1.96%"
"Nov 26, 2021","0.201134","0.221013","0.221767","0.190079","3.66B","-9.00%"
"Nov 25, 2021","0.221037","0.217272","0.228956","0.214334","1.76B","1.71%"
"Nov 24, 2021","0.217321","0.226710","0.229616","0.211720","1.79B","-4.15%"
"Nov 23, 2021","0.226734","0.219611","0.236107","0.213853","2.49B","3.22%"
"Nov 22, 2021","0.219670","0.225985","0.226734","0.216683","1.19B","-2.78%"
"Nov 21, 2021","0.225954","0.233067","0.233460","0.225397","896.90M","-3.05%"
"Nov 20, 2021","0.233070","0.233062","0.235725","0.225401","965.50M","0.02%"
"Nov 19, 2021","0.233017","0.221418","0.236942","0.216243","1.61B","5.25%"
"Nov 18, 2021","0.221384","0.237509","0.241272","0.215556","2.28B","-6.82%"
"Nov 17, 2021","0.237593","0.236922","0.240956","0.229922","1.66B","0.27%"
"Nov 16, 2021","0.236965","0.256726","0.256726","0.224591","2.83B","-7.69%"
"Nov 15, 2021","0.256710","0.262748","0.265189","0.255877","1.18B","-2.28%"
"Nov 14, 2021","0.262708","0.261281","0.271178","0.260301","1.65B","0.53%"
"Nov 13, 2021","0.261325","0.259502","0.262266","0.254466","1.12B","0.69%"
"Nov 12, 2021","0.259542","0.260686","0.268464","0.249854","2.02B","-0.45%"
"Nov 11, 2021","0.260721","0.255560","0.270167","0.253402","2.04B","1.98%"
"Nov 10, 2021","0.255661","0.273455","0.277202","0.237132","3.89B","-6.50%"
"Nov 09, 2021","0.273431","0.282087","0.289811","0.271828","2.89B","-3.12%"
"Nov 08, 2021","0.282235","0.266269","0.296603","0.264619","5.15B","6.00%"
"Nov 07, 2021","0.266266","0.261802","0.269565","0.258635","1.37B","1.77%"
"Nov 06, 2021","0.261630","0.260850","0.267432","0.250844","1.72B","0.30%"
"Nov 05, 2021","0.260855","0.263542","0.270631","0.257418","1.91B","-1.04%"
"Nov 04, 2021","0.263591","0.268909","0.270796","0.254394","2.36B","-1.98%"
"Nov 03, 2021","0.268912","0.273455","0.277232","0.263051","2.52B","-1.61%"
"Nov 02, 2021","0.273301","0.271789","0.280659","0.267469","2.92B","0.58%"
"Nov 01, 2021","0.271736","0.279974","0.285830","0.263697","3.85B","-2.93%"
"Oct 31, 2021","0.279928","0.268516","0.284980","0.252456","5.86B","4.25%"
"Oct 30, 2021","0.268515","0.288094","0.294704","0.258190","5.08B","-6.78%"
"Oct 29, 2021","0.288042","0.299655","0.306514","0.277888","7.56B","-3.87%"
"Oct 28, 2021","0.299635","0.237934","0.339122","0.232689","26.25B","26.19%"
"Oct 27, 2021","0.237452","0.255746","0.263544","0.219357","8.06B","-7.14%"
"Oct 26, 2021","0.255722","0.264835","0.274003","0.252977","3.50B","-3.45%"
"Oct 25, 2021","0.264847","0.275687","0.279834","0.259858","4.66B","-3.94%"
"Oct 24, 2021","0.275703","0.251133","0.282264","0.245890","7.49B","9.81%"
"Oct 23, 2021","0.251078","0.244516","0.253563","0.241355","1.96B","2.70%"
"Oct 22, 2021","0.244472","0.242357","0.252567","0.236026","2.50B","0.89%"
"Oct 21, 2021","0.242321","0.254771","0.258186","0.241910","2.39B","-4.88%"
"Oct 20, 2021","0.254748","0.245483","0.261614","0.242163","2.53B","3.78%"
"Oct 19, 2021","0.245463","0.247210","0.254660","0.240640","2.15B","-0.70%"
"Oct 18, 2021","0.247185","0.237698","0.272450","0.237310","7.04B","4.00%"
"Oct 17, 2021","0.237677","0.237287","0.241594","0.226109","1.86B","0.28%"
"Oct 16, 2021","0.237018","0.234024","0.245365","0.233751","1.88B","1.28%"
"Oct 15, 2021","0.234027","0.232520","0.243307","0.225427","2.32B","0.64%"
"Oct 14, 2021","0.232531","0.232552","0.240219","0.231240","1.69B","-0.01%"
"Oct 13, 2021","0.232549","0.226045","0.233927","0.220598","1.66B","2.88%"
"Oct 12, 2021","0.226044","0.231331","0.231600","0.216633","1.70B","-2.29%"
"Oct 11, 2021","0.231346","0.228816","0.239290","0.225421","1.70B","0.95%"
"Oct 10, 2021","0.229158","0.246621","0.248597","0.227468","1.54B","-7.07%"
"Oct 09, 2021","0.246595","0.243542","0.251923","0.241286","1.69B","1.29%"
"Oct 08, 2021","0.243452","0.242807","0.254827","0.241528","2.28B","0.26%"
"Oct 07, 2021","0.242820","0.254209","0.256688","0.237598","3.64B","-4.49%"
"Oct 06, 2021","0.254231","0.251927","0.271488","0.242827","5.86B","0.92%"
"Oct 05, 2021","0.251915","0.241348","0.267413","0.233298","6.04B","4.40%"
"Oct 04, 2021","0.241294","0.221724","0.248118","0.212778","5.17B","8.81%"
"Oct 03, 2021","0.221752","0.218545","0.226109","0.215645","1.18B","1.43%"
"Oct 02, 2021","0.218634","0.222846","0.224738","0.215284","1.29B","-1.87%"
"Oct 01, 2021","0.222811","0.204248","0.224692","0.201872","1.75B","9.08%"
"Sep 30, 2021","0.204272","0.198714","0.205766","0.197712","918.85M","2.81%"
"Sep 29, 2021","0.198698","0.196724","0.204160","0.194712","972.24M","0.99%"
"Sep 28, 2021","0.196756","0.199669","0.202436","0.196198","910.58M","-1.46%"
"Sep 27, 2021","0.199666","0.204927","0.209165","0.199634","919.18M","-2.53%"
"Sep 26, 2021","0.204858","0.208383","0.208821","0.194212","1.28B","-1.69%"
"Sep 25, 2021","0.208383","0.209143","0.212464","0.204487","1.31B","-0.36%"
"Sep 24, 2021","0.209142","0.224664","0.228217","0.197086","2.87B","-6.91%"
"Sep 23, 2021","0.224668","0.224445","0.227079","0.217708","1.55B","0.10%"
"Sep 22, 2021","0.224454","0.200667","0.229903","0.200055","2.85B","11.91%"
"Sep 21, 2021","0.200575","0.208631","0.218054","0.197964","2.07B","-3.38%"
"Sep 20, 2021","0.207600","0.233002","0.233341","0.199436","1.84B","-10.89%"
"Sep 19, 2021","0.232971","0.241403","0.241403","0.231002","916.50M","-3.48%"
"Sep 18, 2021","0.241378","0.239885","0.247300","0.238086","1.00B","0.64%"
"Sep 17, 2021","0.239833","0.241995","0.259470","0.237850","2.47B","-0.95%"
"Sep 16, 2021","0.242142","0.247445","0.247758","0.233391","301.43M","-2.13%"
"Sep 15, 2021","0.247400","0.240505","0.248172","0.238991","1.07B","2.94%"
"Sep 14, 2021","0.240342","0.235832","0.241427","0.234381","865.61M","1.92%"
"Sep 13, 2021","0.235823","0.250399","0.252095","0.228618","2.26B","-5.91%"
"Sep 12, 2021","0.250623","0.241023","0.254923","0.238822","1.49B","4.01%"
"Sep 11, 2021","0.240969","0.239602","0.247872","0.238205","1.08B","0.59%"
"Sep 10, 2021","0.239565","0.252520","0.261582","0.235698","2.03B","-5.07%"
"Sep 09, 2021","0.252357","0.256605","0.259262","0.249106","1.83B","-1.70%"
"Sep 08, 2021","0.256726","0.254684","0.263180","0.234400","3.94B","0.95%"
"Sep 07, 2021","0.254302","0.309001","0.311108","0.214585","7.93B","-17.70%"
"Sep 06, 2021","0.309001","0.314424","0.319579","0.300160","2.45B","-1.72%"
"Sep 05, 2021","0.314393","0.299221","0.315338","0.296339","2.37B","5.07%"
"Sep 04, 2021","0.299222","0.296054","0.308458","0.293337","2.17B","1.07%"
"Sep 03, 2021","0.296052","0.294805","0.304690","0.288070","2.32B","0.39%"
"Sep 02, 2021","0.294913","0.294313","0.309234","0.291845","1.35B","0.20%"
"Sep 01, 2021","0.294338","0.278230","0.294826","0.273119","2.04B","5.79%"
"Aug 31, 2021","0.278231","0.271952","0.285737","0.269844","1.81B","2.31%"
"Aug 30, 2021","0.271949","0.266995","0.283067","0.265025","1.84B","1.87%"
"Aug 29, 2021","0.266967","0.271743","0.275714","0.262304","1.44B","-1.65%"
"Aug 28, 2021","0.271453","0.289669","0.294277","0.270435","1.38B","-6.29%"
"Aug 27, 2021","0.289678","0.263296","0.289685","0.260686","2.21B","10.02%"
"Aug 26, 2021","0.263297","0.286751","0.289637","0.259160","2.51B","-8.19%"
"Aug 25, 2021","0.286787","0.284455","0.292886","0.276680","2.57B","0.77%"
"Aug 24, 2021","0.284593","0.312884","0.314331","0.273240","3.58B","-9.03%"
"Aug 23, 2021","0.312856","0.308261","0.324251","0.306551","2.80B","1.49%"
"Aug 22, 2021","0.308248","0.298475","0.309878","0.294557","2.13B","3.28%"
"Aug 21, 2021","0.298471","0.313895","0.314285","0.294575","2.77B","-4.91%"
"Aug 20, 2021","0.313874","0.316022","0.325941","0.309655","3.50B","-0.68%"
"Aug 19, 2021","0.316035","0.297627","0.318375","0.290868","3.84B","6.20%"
"Aug 18, 2021","0.297582","0.293421","0.318185","0.273458","6.75B","1.42%"
"Aug 17, 2021","0.293424","0.305608","0.325908","0.288141","5.98B","-3.96%"
"Aug 16, 2021","0.305509","0.337881","0.343586","0.300403","7.01B","-9.60%"
"Aug 15, 2021","0.337953","0.291388","0.347427","0.284517","8.04B","15.94%"
"Aug 14, 2021","0.291495","0.282953","0.296521","0.274654","4.99B","3.01%"
"Aug 13, 2021","0.282977","0.252975","0.283510","0.250438","3.83B","11.92%"
"Aug 12, 2021","0.252834","0.262339","0.292365","0.244789","6.57B","-3.63%"
"Aug 11, 2021","0.262347","0.243086","0.279388","0.242043","5.68B","7.92%"
"Aug 10, 2021","0.243097","0.253068","0.259113","0.231497","4.30B","-3.96%"
"Aug 09, 2021","0.253129","0.239304","0.265243","0.230012","5.79B","5.76%"
"Aug 08, 2021","0.239338","0.261231","0.281384","0.234218","9.09B","-8.40%"
"Aug 07, 2021","0.261285","0.203419","0.261825","0.202309","8.13B","28.51%"
"Aug 06, 2021","0.203313","0.199778","0.210519","0.197466","1.95B","1.77%"
"Aug 05, 2021","0.199786","0.200273","0.201133","0.193166","1.46B","-0.24%"
"Aug 04, 2021","0.200259","0.195401","0.202319","0.193463","1.36B","2.49%"
"Aug 03, 2021","0.195388","0.202590","0.204225","0.192766","1.56B","-3.59%"
"Aug 02, 2021","0.202657","0.203568","0.209150","0.201187","1.45B","-0.43%"
"Aug 01, 2021","0.203542","0.206723","0.216822","0.200579","2.44B","-1.49%"
"Jul 31, 2021","0.206627","0.207999","0.213619","0.204298","1.81B","-0.64%"
"Jul 30, 2021","0.207947","0.202094","0.208185","0.193864","1.97B","2.90%"
"Jul 29, 2021","0.202081","0.205102","0.205731","0.198838","1.33B","-1.46%"
"Jul 28, 2021","0.205078","0.204922","0.212946","0.201256","2.60B","0.08%"
"Jul 27, 2021","0.204910","0.203548","0.208467","0.194865","3.14B","0.67%"
"Jul 26, 2021","0.203544","0.197623","0.232750","0.196598","7.23B","3.04%"
"Jul 25, 2021","0.197533","0.189225","0.197656","0.189225","1.73B","1.75%"
"Jul 24, 2021","0.194135","0.194342","0.198113","0.190867","2.12B","-0.07%"
"Jul 23, 2021","0.194272","0.190824","0.198995","0.183208","2.07B","1.81%"
"Jul 22, 2021","0.190819","0.190294","0.196036","0.186305","2.19B","0.33%"
"Jul 21, 2021","0.190200","0.169995","0.213724","0.168116","6.99B","11.90%"
"Jul 20, 2021","0.169980","0.172386","0.177950","0.159506","3.04B","-1.39%"
"Jul 19, 2021","0.172381","0.179217","0.181502","0.169689","1.76B","-3.82%"
"Jul 18, 2021","0.179223","0.186197","0.195538","0.178217","2.18B","-3.72%"
"Jul 17, 2021","0.186148","0.171401","0.204383","0.168685","3.96B","8.61%"
"Jul 16, 2021","0.171393","0.184570","0.187342","0.170699","1.94B","-7.13%"
"Jul 15, 2021","0.184550","0.197270","0.200281","0.179943","1.57B","-6.46%"
"Jul 14, 2021","0.197285","0.199349","0.204037","0.187339","1.95B","-1.04%"
"Jul 13, 2021","0.199354","0.207023","0.207023","0.197284","1.41B","-3.70%"
"Jul 12, 2021","0.207021","0.214899","0.217431","0.203465","1.22B","-3.56%"
"Jul 11, 2021","0.214666","0.213362","0.218014","0.210114","827.39M","0.61%"
"Jul 10, 2021","0.213355","0.219219","0.227071","0.209778","1.44B","-2.70%"
"Jul 09, 2021","0.219272","0.207422","0.228825","0.195927","3.71B","5.71%"
"Jul 08, 2021","0.207422","0.222249","0.222825","0.204676","2.35B","-6.67%"
"Jul 07, 2021","0.222236","0.233139","0.236157","0.219121","1.48B","-4.68%"
"Jul 06, 2021","0.233139","0.230679","0.241535","0.228784","1.58B","1.07%"
"Jul 05, 2021","0.230667","0.241018","0.241018","0.224828","1.79B","-4.30%"
"Jul 04, 2021","0.241031","0.246818","0.248907","0.088727","1.31B","-2.34%"
"Jul 03, 2021","0.246818","0.244590","0.249190","0.241668","1.18B","0.92%"
"Jul 02, 2021","0.244571","0.243118","0.247206","0.237999","1.80B","0.43%"
"Jul 01, 2021","0.243534","0.253113","0.259426","0.237295","3.48B","-3.80%"
"Jun 30, 2021","0.253155","0.261972","0.262796","0.237309","2.62B","-3.36%"
"Jun 29, 2021","0.261960","0.255102","0.273184","0.250805","3.01B","2.69%"
"Jun 28, 2021","0.255086","0.264244","0.266409","0.249685","2.76B","-3.32%"
"Jun 27, 2021","0.263852","0.245715","0.266204","0.240106","3.12B","7.84%"
"Jun 26, 2021","0.244672","0.237536","0.254761","0.230747","4.13B","2.99%"
"Jun 25, 2021","0.237565","0.262855","0.288556","0.229007","9.17B","-9.61%"
"Jun 24, 2021","0.262808","0.234948","0.268676","0.222169","5.72B","11.86%"
"Jun 23, 2021","0.234934","0.190350","0.247364","0.181047","9.45B","23.42%"
"Jun 22, 2021","0.190348","0.179103","0.216312","0.164609","12.28B","6.12%"
"Jun 21, 2021","0.179371","0.279146","0.280051","0.167640","12.11B","-35.72%"
"Jun 20, 2021","0.279030","0.281178","0.288347","0.254218","2.67B","-0.78%"
"Jun 19, 2021","0.281223","0.291253","0.295581","0.281212","1.13B","-3.44%"
"Jun 18, 2021","0.291253","0.302532","0.303863","0.278563","2.23B","-3.73%"
"Jun 17, 2021","0.302527","0.304353","0.310874","0.299627","1.17B","-0.60%"
"Jun 16, 2021","0.304355","0.318170","0.319177","0.302738","1.58B","-4.35%"
"Jun 15, 2021","0.318183","0.326036","0.328690","0.314971","1.69B","-2.41%"
"Jun 14, 2021","0.326031","0.321525","0.335614","0.317576","2.12B","1.41%"
"Jun 13, 2021","0.321496","0.309628","0.326631","0.303964","1.66B","3.84%"
"Jun 12, 2021","0.309604","0.316841","0.316841","0.299227","1.99B","-2.28%"
"Jun 11, 2021","0.316842","0.325036","0.331803","0.310883","2.01B","-2.48%"
"Jun 10, 2021","0.324914","0.342524","0.344416","0.321813","2.26B","-5.15%"
"Jun 09, 2021","0.342546","0.326036","0.352889","0.312234","3.51B","5.07%"
"Jun 08, 2021","0.326014","0.330335","0.340160","0.296348","4.84B","-1.11%"
"Jun 07, 2021","0.329668","0.369419","0.377236","0.326892","3.31B","-10.73%"
"Jun 06, 2021","0.369287","0.371029","0.375676","0.365641","1.81B","-0.48%"
"Jun 05, 2021","0.371083","0.375948","0.392679","0.359655","3.84B","-1.29%"
"Jun 04, 2021","0.375950","0.399356","0.399609","0.349920","6.71B","-5.86%"
"Jun 03, 2021","0.399332","0.423221","0.440261","0.377310","7.34B","-5.62%"
"Jun 02, 2021","0.423130","0.369067","0.444100","0.351944","12.20B","14.65%"
"Jun 01, 2021","0.369066","0.323958","0.381584","0.310439","6.84B","13.93%"
"May 31, 2021","0.323951","0.300772","0.327625","0.293505","2.89B","7.55%"
"May 30, 2021","0.301199","0.302124","0.310034","0.286698","2.35B","-0.31%"
"May 29, 2021","0.302128","0.310742","0.317036","0.279573","3.10B","-2.77%"
"May 28, 2021","0.310730","0.332085","0.344428","0.300120","4.16B","-6.42%"
"May 27, 2021","0.332046","0.350464","0.350524","0.325240","2.96B","-5.26%"
"May 26, 2021","0.350483","0.345548","0.364539","0.336194","3.83B","1.45%"
"May 25, 2021","0.345477","0.364394","0.379504","0.323238","6.50B","-5.20%"
"May 24, 2021","0.364433","0.305975","0.369911","0.295792","8.16B","19.10%"
"May 23, 2021","0.305984","0.341509","0.349669","0.249235","9.45B","-10.40%"
"May 22, 2021","0.341484","0.358377","0.359675","0.317692","6.33B","-4.72%"
"May 21, 2021","0.358401","0.397731","0.411212","0.315049","8.54B","-9.89%"
"May 20, 2021","0.397741","0.330407","0.432618","0.297074","13.85B","20.40%"
"May 19, 2021","0.330353","0.474719","0.477866","0.217528","19.28B","-30.41%"
"May 18, 2021","0.474714","0.486444","0.512529","0.468941","4.75B","-2.40%"
"May 17, 2021","0.486366","0.513062","0.514821","0.457331","6.84B","-5.20%"
"May 16, 2021","0.513023","0.507796","0.547205","0.449635","8.26B","1.10%"
"May 15, 2021","0.507448","0.559594","0.563262","0.493248","7.92B","-9.32%"