timestamp,open,high,low,close,volume
2023-06-15,0.071006,0.072161,0.06946,0.069789,518159999.99999994
2023-06-14,0.071922,0.072854,0.070159,0.071008,373030000.0
2023-06-13,0.071143,0.072735,0.07107,0.071921,405060000.0
2023-06-12,0.070236,0.071262,0.069303,0.07107,345720000.0
2023-06-11,0.069609,0.070574,0.068221,0.070233,375170000.0
2023-06-10,0.071988,0.072016,0.064514,0.069611,1260000000.0
2023-06-09,0.077413,0.078396,0.071156,0.071987,947230000.0
2023-06-08,0.076752,0.078046,0.076151,0.077412,350430000.0
2023-06-07,0.078183,0.078894,0.076289,0.076752,529690000.00000006
2023-06-06,0.07835,0.079177,0.077398,0.078183,553820000.0
2023-06-05,0.08138,0.081861,0.077462,0.078347,614480000.0
2023-06-04,0.081758,0.082788,0.080157,0.08138,591390000.0
2023-06-03,0.082678,0.085779,0.080939,0.08176,1240000000.0
2023-06-02,0.074764,0.083714,0.074604,0.082654,807240000.0
2023-06-01,0.075219,0.075448,0.074065,0.074758,395980000.0
2023-05-31,0.076361,0.07665,0.075082,0.075218,489280000.0
2023-05-30,0.0761,0.076984,0.075717,0.076368,444320000.0
2023-05-29,0.077422,0.078051,0.076054,0.0761,398770000.0
2023-05-28,0.077153,0.078012,0.076723,0.077422,366920000.0
2023-05-27,0.07532,0.077228,0.075182,0.077153,357140000.0
2023-05-26,0.076755,0.077427,0.07532,0.07532,531179999.99999994
2023-05-25,0.07686,0.078305,0.07663,0.076755,596150000.0
2023-05-24,0.078486,0.078541,0.076436,0.076859,608000000.0
2023-05-23,0.077972,0.079515,0.077628,0.078485,555300000.0
2023-05-22,0.075011,0.079261,0.074269,0.077968,1110000000.0
2023-05-21,0.072589,0.078031,0.071991,0.075014,932860000.0
2023-05-20,0.070668,0.072944,0.070533,0.07259,643030000.0
2023-05-19,0.070165,0.070832,0.070077,0.070667,284340000.0
2023-05-18,0.071211,0.071373,0.069872,0.070166,485820000.0
2023-05-17,0.070543,0.071394,0.070229,0.071183,450440000.0
2023-05-16,0.070258,0.070766,0.069937,0.070544,447900000.0
2023-05-15,0.069396,0.070507,0.069139,0.070258,339180000.0
2023-05-14,0.069337,0.069744,0.06884,0.069396,344710000.0
2023-05-13,0.069078,0.070071,0.068407,0.069348,313420000.0
2023-05-12,0.067722,0.069239,0.067175,0.069077,558500000.0
2023-05-11,0.069336,0.069587,0.066858,0.067723,578190000.0
2023-05-10,0.069054,0.070366,0.068148,0.069335,571540000.0
2023-05-09,0.068487,0.069329,0.067947,0.069051,445000000.0
2023-05-08,0.069212,0.069376,0.066808,0.068487,574760000.0
2023-05-07,0.070239,0.070472,0.069086,0.069222,390200000.0
2023-05-06,0.070919,0.071076,0.069603,0.07024,439940000.0
2023-05-05,0.069391,0.071353,0.069384,0.070918,572430000.0
2023-05-04,0.069263,0.069661,0.068948,0.069393,455630000.0
2023-05-03,0.069222,0.069571,0.068174,0.069262,694010000.0
2023-05-02,0.068512,0.06989,0.067174,0.069222,623050000.0
2023-05-01,0.067138,0.069338,0.066844,0.068512,811140000.0
2023-04-30,0.067992,0.068057,0.067132,0.067132,463660000.0
2023-04-29,0.066669,0.068218,0.066631,0.067991,437660000.0
2023-04-28,0.065761,0.066679,0.065631,0.066675,396380000.0
2023-04-27,0.065079,0.066079,0.065004,0.065762,459140000.0
2023-04-26,0.065846,0.067098,0.063991,0.065079,746020000.0
2023-04-25,0.066092,0.066202,0.065248,0.065848,440680000.0
2023-04-24,0.0667,0.066963,0.065857,0.066092,476320000.0
2023-04-23,0.066109,0.066977,0.065527,0.066701,477010000.0
2023-04-22,0.064973,0.066211,0.064844,0.066107,501320000.0
2023-04-21,0.065412,0.066018,0.064302,0.064968,577950000.0
2023-04-20,0.065634,0.066638,0.064653,0.065412,736890000.0
2023-04-19,0.066809,0.06711,0.064972,0.065635,741570000.0
2023-04-18,0.065747,0.066816,0.065519,0.066803,440040000.0
2023-04-17,0.066548,0.066642,0.065403,0.065747,507090000.0
2023-04-16,0.065882,0.06668,0.065626,0.066544,302790000.0
2023-04-15,0.066185,0.066247,0.065527,0.065877,356140000.0
2023-04-14,0.065239,0.066998,0.065141,0.066181,649260000.0
2023-04-13,0.065128,0.065475,0.064517,0.065238,661570000.0
2023-04-12,0.066336,0.066452,0.062189,0.065121,1180000000.0
2023-04-11,0.067302,0.067771,0.065364,0.066349,966520000.0
2023-04-10,0.066618,0.067434,0.066172,0.067303,528690000.00000006
2023-04-09,0.066127,0.06688,0.065911,0.066617,398690000.0
2023-04-08,0.066058,0.066547,0.065708,0.066135,406050000.0
2023-04-07,0.066089,0.066507,0.06559,0.066053,436890000.0
2023-04-06,0.06616,0.066692,0.065553,0.066088,634070000.0
2023-04-05,0.065734,0.066682,0.065377,0.066159,545320000.0
2023-04-04,0.06575,0.066808,0.065587,0.065733,672820000.0
2023-04-03,0.065183,0.066219,0.064308,0.06575,643660000.0
2023-04-02,0.066475,0.066936,0.064882,0.065188,516110000.0
2023-04-01,0.065531,0.067135,0.065359,0.066475,668280000.0
2023-03-31,0.064795,0.066145,0.064398,0.065532,648560000.0
2023-03-30,0.064323,0.06544,0.063661,0.064777,779080000.0
2023-03-29,0.064193,0.065449,0.063936,0.064341,714860000.0
2023-03-28,0.06355,0.064477,0.063343,0.064188,659060000.0
2023-03-27,0.064122,0.064399,0.061874,0.063551,671550000.0
2023-03-26,0.063685,0.064862,0.063348,0.064121,560400000.0
2023-03-25,0.063383,0.064346,0.062745,0.063684,601950000.0
2023-03-24,0.065159,0.065517,0.060523,0.063372,901020000.0
2023-03-23,0.059777,0.066534,0.059418,0.065159,1940000000.0
2023-03-22,0.066998,0.068131,0.05692,0.059741,2069999999.9999998
2023-03-21,0.065026,0.067309,0.064911,0.067007,787920000.0
2023-03-20,0.066502,0.066939,0.06481,0.065022,743940000.0
2023-03-19,0.065798,0.067337,0.065633,0.066489,649700000.0
2023-03-18,0.067643,0.068075,0.06525,0.065799,830270000.0
2023-03-17,0.065126,0.067853,0.06478,0.06765,911870000.0
2023-03-16,0.065156,0.066925,0.06481,0.065136,891550000.0
2023-03-15,0.06698,0.067839,0.064182,0.065153,1070000000.0000001
2023-03-14,0.066949,0.068952,0.065713,0.066975,1600000000.0
2023-03-13,0.064582,0.06845,0.06441,0.066957,2240000000.0
2023-03-12,0.058784,0.064538,0.058416,0.064534,1270000000.0
2023-03-11,0.057359,0.058913,0.05216,0.058786,1530000000.0
2023-03-10,0.058679,0.058723,0.055578,0.057359,2049999999.9999998
2023-03-09,0.065312,0.06635,0.056984,0.058603,1600000000.0
2023-03-08,0.066254,0.066534,0.064811,0.065314,620020000.0
2023-03-07,0.06739,0.067723,0.065763,0.066238,596580000.0
2023-03-06,0.067248,0.067682,0.066645,0.06739,461820000.0
2023-03-05,0.066708,0.067853,0.066543,0.067247,424910000.0
2023-03-04,0.067151,0.06758,0.066061,0.066703,489720000.0
2023-03-03,0.069719,0.069806,0.066376,0.06715,729640000.0
2023-03-02,0.069855,0.070343,0.068951,0.069675,469410000.0
2023-03-01,0.069045,0.070261,0.068743,0.069857,507080000.0
2023-02-28,0.069429,0.069818,0.068546,0.069045,506130000.0
2023-02-27,0.069513,0.069706,0.068423,0.069429,534950000.00000006
2023-02-26,0.067844,0.069739,0.067831,0.069524,447060000.0
2023-02-25,0.067883,0.068848,0.066813,0.06784,525789999.99999994
2023-02-24,0.069545,0.069988,0.067366,0.067882,487380000.0
2023-02-23,0.069452,0.07044,0.069041,0.06955,488630000.0
2023-02-22,0.069489,0.069668,0.068097,0.069452,580390000.0
2023-02-21,0.071953,0.072101,0.06901,0.069489,751010000.0
2023-02-20,0.070448,0.073055,0.069599,0.071952,942460000.0
2023-02-19,0.070137,0.071638,0.069717,0.070455,483870000.0
2023-02-18,0.070312,0.071113,0.0697,0.070137,472120000.0
2023-02-17,0.066832,0.071664,0.066539,0.070312,915820000.0
2023-02-16,0.070849,0.071543,0.066801,0.066828,970590000.0
2023-02-15,0.066748,0.070901,0.066746,0.07085,862220000.0
2023-02-14,0.06557,0.066872,0.065061,0.066748,681700000.0
2023-02-13,0.063877,0.065729,0.062979,0.065569,729200000.0
2023-02-12,0.063722,0.065105,0.06356,0.063874,417120000.0
2023-02-11,0.063291,0.064074,0.063091,0.063722,389750000.0
2023-02-10,0.062649,0.063951,0.062382,0.063292,544790000.0
2023-02-09,0.06695,0.06709,0.061985,0.06265,852750000.0
2023-02-08,0.06575,0.071136,0.065496,0.066949,1110000000.0
2023-02-07,0.063151,0.065931,0.063068,0.065738,766140000.0
2023-02-06,0.064117,0.064499,0.062707,0.063147,522640000.0
2023-02-05,0.063841,0.065733,0.063191,0.06412,684400000.0
2023-02-04,0.064146,0.064485,0.06302,0.063844,455770000.0
2023-02-03,0.063768,0.064757,0.063461,0.064143,593280000.0
2023-02-02,0.063114,0.065384,0.063072,0.063761,719370000.0
2023-02-01,0.06219,0.063363,0.061429,0.063112,706640000.0
2023-01-31,0.062272,0.063082,0.061712,0.06219,631390000.0
2023-01-30,0.063741,0.064029,0.061487,0.062269,813190000.0
2023-01-29,0.06313,0.064485,0.06295,0.063738,672490000.0
2023-01-28,0.063644,0.06396,0.062048,0.063129,546200000.0
2023-01-27,0.061719,0.06426,0.060953,0.063642,804720000.0
2023-01-26,0.061791,0.062143,0.061273,0.061719,416710000.0
2023-01-25,0.060192,0.062755,0.059246,0.061828,531880000.0
2023-01-24,0.062721,0.063541,0.059835,0.060199,552720000.0
2023-01-23,0.061655,0.063224,0.061216,0.062722,530610000.0
2023-01-22,0.061731,0.062669,0.060669,0.061654,474150000.0
2023-01-21,0.062806,0.063525,0.06167,0.061731,633290000.0
2023-01-20,0.060106,0.062891,0.059937,0.062806,443110000.0
2023-01-19,0.058904,0.060298,0.058799,0.060109,347300000.0
2023-01-18,0.06167,0.062391,0.058906,0.058912,687710000.0
2023-01-17,0.062409,0.062612,0.06133,0.06167,525830000.00000006
2023-01-16,0.062325,0.063208,0.061379,0.062409,656650000.0
2023-01-15,0.061781,0.062872,0.060683,0.062325,631390000.0
2023-01-14,0.060098,0.065687,0.059988,0.061828,1350000000.0
2023-01-13,0.057129,0.060737,0.056856,0.060098,714760000.0
2023-01-12,0.056528,0.05733,0.055744,0.057125,653820000.0
2023-01-11,0.054857,0.056571,0.05458,0.056528,645790000.0
2023-01-10,0.05461,0.054939,0.05389,0.054859,551170000.0
2023-01-09,0.054352,0.056698,0.053668,0.05461,1110000000.0
2023-01-08,0.052008,0.054336,0.051295,0.054336,678960000.0
2023-01-07,0.052485,0.052915,0.051404,0.052006,687520000.0
2023-01-06,0.053735,0.053922,0.049815,0.052479,2830000000.0
2023-01-05,0.054779,0.05499,0.053401,0.053732,517070000.00000006
2023-01-04,0.054831,0.055669,0.054393,0.05478,542410000.0
2023-01-03,0.055172,0.055528,0.054702,0.054827,339660000.0
2023-01-02,0.05481,0.05546,0.05445,0.055172,377670000.0
2023-01-01,0.0545,0.054978,0.054437,0.054811,236060000.0
2022-12-31,0.05439,0.055148,0.054371,0.054498,360250000.0
2022-12-30,0.054019,0.054494,0.053589,0.054391,479810000.0
2022-12-29,0.054151,0.054478,0.053235,0.054019,494520000.0
2022-12-28,0.05416,0.054654,0.053241,0.054151,527669999.99999994
2022-12-27,0.054576,0.05471,0.053662,0.05416,428300000.0
2022-12-26,0.054803,0.055025,0.05426,0.054574,314850000.0
2022-12-25,0.054739,0.054915,0.054176,0.0548,307150000.0
2022-12-24,0.054221,0.054809,0.054039,0.05474,283100000.0
2022-12-23,0.055537,0.055691,0.054108,0.054221,478300000.0
2022-12-22,0.05492,0.055834,0.054621,0.055537,497070000.0
2022-12-21,0.054963,0.055474,0.054553,0.054909,399330000.0
2022-12-20,0.053549,0.055245,0.05351,0.054962,528059999.99999994
2022-12-19,0.053771,0.054301,0.053134,0.053549,586230000.0
2022-12-18,0.054871,0.055136,0.053255,0.053771,633080000.0
2022-12-17,0.052942,0.05498,0.051895,0.054871,713140000.0
2022-12-16,0.055772,0.056189,0.052587,0.052943,739610000.0
2022-12-15,0.055573,0.056082,0.055128,0.055771,621360000.0
2022-12-14,0.054502,0.057558,0.054476,0.055572,939100000.0
2022-12-13,0.05353,0.054519,0.052484,0.054501,846640000.0
2022-12-12,0.053972,0.05398,0.051996,0.053529,909890000.0
2022-12-11,0.054829,0.05496,0.05374,0.053959,300600000.0
2022-12-10,0.054616,0.055639,0.054616,0.054829,415980000.0
2022-12-09,0.054498,0.055056,0.054297,0.054609,465710000.0
2022-12-08,0.053112,0.054568,0.052965,0.054502,519400000.0
2022-12-07,0.053629,0.053658,0.052412,0.053113,602890000.0
2022-12-06,0.05335,0.053725,0.052629,0.053629,606140000.0
2022-12-05,0.053115,0.053739,0.052961,0.05335,641760000.0
2022-12-04,0.053583,0.054142,0.052943,0.053117,483440000.0
2022-12-03,0.054448,0.054625,0.053522,0.053589,387380000.0
2022-12-02,0.054154,0.054496,0.053826,0.054448,506240000.0
2022-12-01,0.054649,0.055065,0.053998,0.054152,578710000.0
2022-11-30,0.053259,0.054599,0.053258,0.054534,687870000.0
2022-11-29,0.05299,0.054392,0.052775,0.053261,781500000.0
2022-11-28,0.053271,0.053989,0.051897,0.05299,872870000.0
2022-11-27,0.052788,0.054129,0.052773,0.053271,564560000.0
2022-11-26,0.052946,0.053648,0.052442,0.052788,503870000.0
2022-11-25,0.052839,0.053348,0.05201,0.052942,812170000.0
2022-11-24,0.051817,0.053756,0.05142,0.052839,1120000000.0
2022-11-23,0.05072,0.051863,0.050199,0.051818,889960000.0
2022-11-22,0.051525,0.052608,0.04894,0.050718,1420000000.0
2022-11-21,0.050079,0.051672,0.049235,0.051525,1140000000.0
2022-11-20,0.052151,0.052422,0.049794,0.050078,545110000.0
2022-11-19,0.052293,0.052644,0.051949,0.05215,707070000.0
2022-11-18,0.050081,0.050999,0.050081,0.050431,559530000.0
2022-11-17,0.04998,0.050429,0.048876,0.050016,764340000.0
2022-11-16,0.050727,0.051476,0.049508,0.04998,873470000.0
2022-11-15,0.050125,0.051782,0.049421,0.050729,1030000000.0
2022-11-14,0.05084,0.052615,0.045401,0.050124,2670000000.0
2022-11-13,0.054976,0.0563,0.05039,0.05084,1290000000.0
2022-11-12,0.056,0.056044,0.052927,0.054971,789890000.0
2022-11-11,0.057806,0.058028,0.054162,0.055934,1140000000.0
2022-11-10,0.053467,0.061616,0.052478,0.05781,3390000000.0
2022-11-09,0.058702,0.065423,0.052868,0.053479,3460000000.0
2022-11-08,0.062263,0.063088,0.056339,0.058702,1550000000.0
2022-11-07,0.062704,0.06299,0.061801,0.062263,468060000.0
2022-11-06,0.06362,0.06535,0.062557,0.062711,557170000.0
2022-11-05,0.063819,0.064762,0.063326,0.06362,516679999.99999994
2022-11-04,0.061717,0.063819,0.06151,0.063819,523690000.00000006
2022-11-03,0.061561,0.062468,0.061432,0.061717,475540000.0
2022-11-02,0.06278,0.063064,0.061416,0.061562,589560000.0
2022-11-01,0.063258,0.063428,0.06255,0.06278,372070000.0
2022-10-31,0.063093,0.06339,0.062404,0.063259,547700000.0
2022-10-30,0.064283,0.064797,0.062921,0.063093,467380000.0
2022-10-29,0.063552,0.064479,0.063452,0.064285,589990000.0
2022-10-28,0.06296,0.06376,0.06263,0.063552,479090000.0
2022-10-27,0.06341,0.064151,0.062731,0.062961,586640000.0
2022-10-26,0.06235,0.063776,0.062289,0.063411,589400000.0
2022-10-25,0.061312,0.062883,0.061134,0.06235,490830000.0
2022-10-24,0.061877,0.062011,0.061231,0.061312,396190000.0
2022-10-23,0.061588,0.062005,0.061078,0.061878,376400000.0
2022-10-22,0.061679,0.061989,0.061171,0.061588,302940000.0
2022-10-21,0.062149,0.06294,0.060746,0.061678,557750000.0
2022-10-20,0.061739,0.062669,0.061479,0.062162,480700000.0
2022-10-19,0.062183,0.063158,0.061709,0.06174,750430000.0
2022-10-18,0.062653,0.062989,0.061709,0.062183,579640000.0
2022-10-17,0.061858,0.063024,0.061642,0.062653,601910000.0
2022-10-16,0.061742,0.062049,0.0612,0.06186,430250000.0
2022-10-15,0.063989,0.065101,0.061731,0.061742,889400000.0
2022-10-14,0.06099,0.065349,0.060738,0.063988,1490000000.0
2022-10-13,0.061724,0.062271,0.059423,0.060992,898910000.0
2022-10-12,0.061663,0.064467,0.06117,0.061724,972380000.0
2022-10-11,0.062738,0.062738,0.061207,0.061663,673020000.0
2022-10-10,0.06236,0.065112,0.0623,0.062738,1290000000.0
2022-10-09,0.062045,0.062791,0.061536,0.062363,266190000.0
2022-10-08,0.062511,0.062745,0.061803,0.06204,346840000.0
2022-10-07,0.062772,0.063291,0.062029,0.062502,455950000.0
2022-10-06,0.062439,0.063192,0.061893,0.062765,643510000.0
2022-10-05,0.06236,0.062712,0.061943,0.062439,444250000.0
2022-10-04,0.061369,0.062474,0.061062,0.06236,511090000.0
2022-10-03,0.060932,0.06148,0.06074,0.06137,552020000.0
2022-10-02,0.060499,0.061974,0.060387,0.0609,759740000.0
2022-10-01,0.061012,0.06147,0.060083,0.060499,498900000.0
2022-09-30,0.061002,0.062299,0.06025,0.061012,897940000.0
2022-09-29,0.059538,0.062,0.059337,0.061002,817780000.0
2022-09-28,0.059389,0.059902,0.05838,0.059538,611720000.0
2022-09-27,0.059584,0.06088,0.059018,0.059389,588200000.0
2022-09-26,0.059709,0.059892,0.058983,0.059578,631310000.0
2022-09-25,0.059844,0.060292,0.059454,0.059709,335450000.0
2022-09-24,0.06043,0.060933,0.059579,0.059844,463150000.0
2022-09-23,0.060214,0.061162,0.059263,0.060431,619000000.0
2022-09-22,0.05904,0.060454,0.058719,0.060236,604650000.0
2022-09-21,0.059776,0.061243,0.058706,0.05904,826750000.0
2022-09-20,0.060285,0.060651,0.059436,0.059776,587590000.0
2022-09-19,0.060789,0.06122,0.059331,0.060285,727620000.0
2022-09-18,0.062281,0.062649,0.060779,0.060789,451600000.0
2022-09-17,0.061322,0.06236,0.061313,0.062281,315610000.0
2022-09-16,0.061307,0.061621,0.060577,0.061322,532840000.00000006
2022-09-15,0.061599,0.061965,0.06059,0.061314,646540000.0
2022-09-14,0.060677,0.061739,0.06057,0.061596,542010000.0
2022-09-13,0.063859,0.063957,0.060657,0.06067,735340000.0
2022-09-12,0.064185,0.064751,0.063113,0.063859,666100000.0
2022-09-11,0.064744,0.064982,0.063495,0.064111,459480000.0
2022-09-10,0.063439,0.064755,0.062999,0.064745,586620000.0
2022-09-09,0.061261,0.063683,0.061171,0.063441,710420000.0
2022-09-08,0.0618,0.061937,0.06008,0.061261,763770000.0
2022-09-07,0.060695,0.061931,0.06008,0.0618,521570000.00000006
2022-09-06,0.062954,0.064051,0.060523,0.060692,777330000.0
2022-09-05,0.063519,0.063665,0.06245,0.062955,480230000.0
2022-09-04,0.063114,0.063655,0.062506,0.063519,339260000.0
2022-09-03,0.062605,0.063153,0.062388,0.063114,270280000.0
2022-09-02,0.063279,0.063587,0.06231,0.062604,500340000.0
2022-09-01,0.063398,0.063719,0.062114,0.063279,529750000.0
2022-08-31,0.064708,0.065522,0.063181,0.063397,577380000.0
2022-08-30,0.063373,0.06673,0.062879,0.064707,1280000000.0
2022-08-29,0.061412,0.063454,0.060958,0.063373,550230000.0
2022-08-28,0.062892,0.063162,0.061376,0.061412,362050000.0
2022-08-27,0.061578,0.063009,0.061147,0.062891,507110000.0
2022-08-26,0.065507,0.065641,0.061452,0.061579,918600000.0
2022-08-25,0.064812,0.065763,0.064727,0.065509,394770000.0
2022-08-24,0.066334,0.066408,0.064743,0.064812,543520000.0
2022-08-23,0.065642,0.066789,0.064899,0.066278,718910000.0
2022-08-22,0.0659,0.066272,0.064547,0.065642,463610000.0
2022-08-21,0.065782,0.06635,0.064566,0.065896,441560000.0
2022-08-20,0.064055,0.065861,0.064027,0.065782,462650000.0
2022-08-19,0.06738,0.067392,0.06392,0.064055,854020000.0
2022-08-18,0.06832,0.068589,0.067377,0.067379,506930000.0
2022-08-17,0.069743,0.070951,0.067962,0.068315,612000000.0
2022-08-16,0.068872,0.070531,0.06836,0.069743,540220000.0
2022-08-15,0.07036,0.071171,0.068259,0.068871,631460000.0
2022-08-14,0.069967,0.072334,0.069505,0.070361,689560000.0
2022-08-13,0.070458,0.071212,0.069594,0.069934,502980000.0
2022-08-12,0.070342,0.070731,0.069355,0.070458,438280000.0
2022-08-11,0.070372,0.071133,0.070008,0.070345,520070000.00000006
2022-08-10,0.068399,0.070405,0.067916,0.070372,499360000.0
2022-08-09,0.070116,0.07098,0.068265,0.068399,543400000.0
2022-08-08,0.069622,0.071046,0.069555,0.070116,419420000.0
2022-08-07,0.069458,0.070288,0.069127,0.069618,307050000.0
2022-08-06,0.069894,0.070604,0.069297,0.069459,332090000.0
2022-08-05,0.068885,0.070121,0.068167,0.069902,483210000.0
2022-08-04,0.06781,0.06957,0.067592,0.068885,564760000.0
2022-08-03,0.068303,0.069234,0.067294,0.067809,557370000.0
2022-08-02,0.06986,0.07046,0.067788,0.06831,866870000.0
2022-08-01,0.068874,0.071487,0.068347,0.069869,739550000.0
2022-07-31,0.069083,0.070809,0.068651,0.068874,550180000.0
2022-07-30,0.069216,0.071285,0.068979,0.069083,683390000.0
2022-07-29,0.069702,0.071806,0.068347,0.069206,1030000000.0
2022-07-28,0.068661,0.07042,0.067527,0.069707,868230000.0
2022-07-27,0.065371,0.068719,0.065057,0.068661,866290000.0
2022-07-26,0.063649,0.065408,0.063012,0.06537,687250000.0
2022-07-25,0.066835,0.066994,0.063649,0.063649,886340000.0
2022-07-24,0.066971,0.067787,0.0667,0.06689,611810000.0
2022-07-23,0.066997,0.067885,0.066005,0.066971,622500000.0
2022-07-22,0.068034,0.069056,0.066628,0.067004,676270000.0
2022-07-21,0.067515,0.068251,0.066422,0.068035,812150000.0
2022-07-20,0.069121,0.070311,0.067263,0.067515,1130000000.0
2022-07-19,0.068962,0.069761,0.067668,0.069122,1190000000.0
2022-07-18,0.067422,0.070764,0.06728,0.068963,1210000000.0
2022-07-17,0.068925,0.069345,0.067369,0.067422,704900000.0
2022-07-16,0.067022,0.069352,0.0661,0.068925,727870000.0
2022-07-15,0.066774,0.067927,0.066528,0.06702,675120000.0
2022-07-14,0.066251,0.067481,0.065018,0.066769,823220000.0
2022-07-13,0.064611,0.066313,0.063745,0.066252,1040000000.0
2022-07-12,0.064726,0.065766,0.064438,0.06461,754980000.0
2022-07-11,0.067623,0.06774,0.064529,0.064725,761410000.0
2022-07-10,0.069794,0.070076,0.067239,0.067622,622720000.0
2022-07-09,0.069041,0.071431,0.068982,0.069791,675180000.0
2022-07-08,0.068623,0.069761,0.067685,0.069043,879850000.0
2022-07-07,0.067549,0.068847,0.066194,0.068698,799760000.0
2022-07-06,0.068151,0.068562,0.0668,0.067548,772410000.0
2022-07-05,0.067317,0.06907,0.066608,0.068151,1030000000.0
2022-07-04,0.066308,0.067618,0.065485,0.067317,932270000.0
2022-07-03,0.064742,0.066427,0.062526,0.066308,900130000.0
2022-07-02,0.065105,0.065479,0.064364,0.064741,574280000.0
2022-07-01,0.064743,0.066355,0.06417,0.065105,1290000000.0
2022-06-30,0.06489,0.065956,0.062063,0.064724,1360000000.0
2022-06-29,0.065894,0.066613,0.064089,0.064883,1070000000.0000001
2022-06-28,0.067035,0.068271,0.065203,0.065894,1520000000.0
2022-06-27,0.065013,0.070227,0.064928,0.066968,1680000000.0
2022-06-26,0.06481,0.065881,0.064068,0.065014,742220000.0
2022-06-25,0.065864,0.066295,0.06367,0.064811,768760000.0
2022-06-24,0.063772,0.066661,0.063611,0.065864,1190000000.0
2022-06-23,0.063079,0.064571,0.061963,0.063772,930200000.0
2022-06-22,0.064928,0.065756,0.06302,0.063081,1060000000.0
2022-06-21,0.061108,0.066749,0.060972,0.064928,1680000000.0
2022-06-20,0.061318,0.062104,0.05947,0.061108,1370000000.0
2022-06-19,0.060901,0.06291,0.058537,0.061318,2320000000.0
2022-06-18,0.05986,0.063015,0.057162,0.060901,3090000000.0
2022-06-17,0.059232,0.06312,0.058732,0.059858,2109999999.9999998
2022-06-16,0.063018,0.06555,0.058407,0.059231,3330000000.0
2022-06-15,0.055595,0.063927,0.047094,0.063018,10840000000.0
2022-06-14,0.063873,0.064792,0.052243,0.055595,6600000000.0
2022-06-13,0.076379,0.076659,0.060951,0.063871,7320000000.0
2022-06-12,0.07618,0.07857,0.074229,0.076062,1900000000.0
2022-06-11,0.078928,0.080322,0.074857,0.07618,1350000000.0
2022-06-10,0.08099,0.081594,0.078866,0.078928,1080000000.0
2022-06-09,0.080643,0.08191,0.080071,0.080989,764770000.0
2022-06-08,0.081855,0.082628,0.079614,0.080643,1080000000.0
2022-06-07,0.081609,0.083088,0.07895,0.081833,1330000000.0
2022-06-06,0.081506,0.084837,0.08109,0.081609,1110000000.0
2022-06-05,0.080441,0.082615,0.079209,0.081488,822580000.0
2022-06-04,0.081126,0.081339,0.076477,0.080415,1720000000.0
2022-06-03,0.084364,0.086178,0.080481,0.081129,1340000000.0
2022-06-02,0.083561,0.085635,0.081118,0.084366,1790000000.0
2022-06-01,0.084375,0.091315,0.082146,0.083446,3780000000.0
2022-05-31,0.083232,0.084433,0.079414,0.084371,1760000000.0
2022-05-30,0.080548,0.084384,0.080201,0.083232,1500000000.0
2022-05-29,0.081189,0.082266,0.07821,0.080568,1020000000.0
2022-05-28,0.080763,0.082595,0.078995,0.081175,1140000000.0
2022-05-27,0.082262,0.083629,0.078419,0.080757,2550000000.0
2022-05-26,0.084749,0.086328,0.078998,0.082253,3660000000.0
2022-05-25,0.080647,0.087132,0.080069,0.084758,2029999999.9999998
2022-05-24,0.076167,0.082857,0.076001,0.080648,2730000000.0
2022-05-23,0.078162,0.082484,0.075834,0.076166,2220000000.0
2022-05-22,0.074044,0.078566,0.073629,0.078161,1050000000.0
2022-05-21,0.071283,0.075766,0.070493,0.074044,1020000000.0
2022-05-20,0.073515,0.075037,0.069973,0.071283,1480000000.0
2022-05-19,0.070995,0.074912,0.070098,0.073502,1440000000.0
2022-05-18,0.072251,0.072824,0.069449,0.070994,1270000000.0
2022-05-17,0.06913,0.073837,0.068944,0.072251,1430000000.0
2022-05-16,0.072414,0.072419,0.067212,0.069127,1560000000.0
2022-05-15,0.072411,0.072531,0.067812,0.072418,1780000000.0
2022-05-14,0.07428,0.076077,0.070719,0.072409,2029999999.9999998
2022-05-13,0.067213,0.076451,0.066613,0.074281,3500000000.0
2022-05-12,0.074783,0.079437,0.065827,0.067203,6670000000.0
2022-05-11,0.076911,0.084101,0.063101,0.074783,10740000000.0
2022-05-10,0.072611,0.082312,0.071489,0.07691,6100000000.0
2022-05-09,0.087876,0.087967,0.072216,0.072594,7970000000.0
2022-05-08,0.083367,0.092404,0.080413,0.087887,6240000000.0
2022-05-07,0.086289,0.088166,0.080083,0.083364,6400000000.0
2022-05-06,0.074501,0.087986,0.072745,0.08629,7670000000.0
2022-05-05,0.086288,0.089502,0.072948,0.074506,6970000000.0
2022-05-04,0.072672,0.086762,0.070043,0.086296,7140000000.0
2022-05-03,0.068941,0.074992,0.06822,0.072672,4580000000.0
2022-05-02,0.070837,0.073477,0.064633,0.068941,4219999999.9999995
2022-05-01,0.06267,0.071654,0.061779,0.070841,4690000000.0
2022-04-30,0.063574,0.065236,0.061927,0.062672,2460000000.0
2022-04-29,0.063715,0.069886,0.062742,0.063567,3770000000.0
2022-04-28,0.063184,0.064067,0.062521,0.063714,1330000000.0
2022-04-27,0.061914,0.063668,0.06174,0.063184,1400000000.0
2022-04-26,0.065276,0.065614,0.061633,0.061914,1520000000.0
2022-04-25,0.065668,0.065748,0.0618,0.065274,1820000000.0
2022-04-24,0.067559,0.067883,0.064707,0.065668,1520000000.0
2022-04-23,0.066599,0.069222,0.06654,0.067559,1970000000.0
2022-04-22,0.071076,0.072381,0.066401,0.066599,4910000000.0
2022-04-21,0.062597,0.074613,0.060646,0.071073,10570000000.0
2022-04-20,0.063103,0.063432,0.061826,0.062604,2190000000.0
2022-04-19,0.061471,0.063609,0.061139,0.0631,2140000000.0000002
2022-04-18,0.06009,0.061653,0.058877,0.061479,2540000000.0
2022-04-17,0.061859,0.062874,0.059921,0.060091,1570000000.0
2022-04-16,0.061789,0.062248,0.060968,0.061844,1390000000.0
2022-04-15,0.060131,0.06222,0.059856,0.06181,1730000000.0
2022-04-14,0.061502,0.062025,0.059405,0.060133,2069999999.9999998
2022-04-13,0.059907,0.061523,0.059349,0.061497,1680000000.0
2022-04-12,0.058226,0.060404,0.057925,0.059869,2250000000.0
2022-04-11,0.06236,0.062525,0.057766,0.058221,2480000000.0
2022-04-10,0.063932,0.064271,0.062218,0.062363,1720000000.0
2022-04-09,0.06261,0.064016,0.062268,0.063925,1900000000.0
2022-04-08,0.064327,0.065185,0.062138,0.062595,2060000000.0
2022-04-07,0.063067,0.064784,0.062655,0.064366,2510000000.0
2022-04-06,0.069285,0.069308,0.063004,0.06307,2990000000.0
2022-04-05,0.070701,0.071755,0.069235,0.069288,2009999999.9999998
2022-04-04,0.073093,0.073106,0.068823,0.070704,2100000000.0
2022-04-03,0.073205,0.073702,0.072088,0.073072,1460000000.0
2022-04-02,0.074948,0.076413,0.072894,0.073181,2290000000.0
2022-04-01,0.07391,0.075091,0.071392,0.074941,2840000000.0
2022-03-31,0.073361,0.079513,0.073339,0.073916,5590000000.0
2022-03-30,0.069373,0.074411,0.067479,0.073288,4560000000.0
2022-03-29,0.068893,0.072436,0.068374,0.069372,2770000000.0
2022-03-28,0.069032,0.071964,0.068564,0.068816,3350000000.0
2022-03-27,0.066329,0.069472,0.065849,0.069039,3800000000.0
2022-03-26,0.064356,0.06635,0.063827,0.066323,3100000000.0
2022-03-25,0.065637,0.066619,0.063872,0.064389,2790000000.0
2022-03-24,0.064321,0.065925,0.06381,0.065622,2850000000.0
2022-03-23,0.063434,0.064868,0.063178,0.064318,2630000000.0
2022-03-22,0.061771,0.063933,0.061621,0.063439,3050000000.0
2022-03-21,0.061543,0.061859,0.060761,0.061771,2960000000.0
2022-03-20,0.061905,0.062452,0.060833,0.061543,2970000000.0
2022-03-19,0.061625,0.06218,0.06125,0.061905,1860000000.0
2022-03-18,0.060722,0.061829,0.059935,0.06162,813250000.0
2022-03-17,0.061073,0.061124,0.06056,0.06072,637890000.0
2022-03-16,0.060492,0.061529,0.059478,0.061074,1010000000.0
2022-03-15,0.060068,0.060658,0.059388,0.060501,777180000.0
2022-03-14,0.059301,0.06046,0.058911,0.060071,877330000.0
2022-03-13,0.059666,0.060325,0.058928,0.059305,907660000.0
2022-03-12,0.060225,0.060719,0.059579,0.059661,866870000.0
2022-03-11,0.059886,0.060873,0.058932,0.060225,1290000000.0
2022-03-10,0.060776,0.060807,0.057858,0.059886,1510000000.0
2022-03-09,0.060541,0.062629,0.060303,0.060776,1390000000.0
2022-03-08,0.058616,0.061068,0.058466,0.060541,1320000000.0
2022-03-07,0.05888,0.060515,0.05784,0.058618,1190000000.0
2022-03-06,0.060382,0.060829,0.058671,0.058874,914450000.0
2022-03-05,0.058291,0.060846,0.057721,0.060381,837170000.0
2022-03-04,0.059977,0.060207,0.057515,0.058291,1350000000.0
2022-03-03,0.061519,0.061616,0.059161,0.059977,2150000000.0
2022-03-02,0.062195,0.0629,0.060838,0.061514,2510000000.0
2022-03-01,0.061771,0.062821,0.06103,0.062194,2470000000.0
2022-02-28,0.058057,0.062192,0.057468,0.061771,2650000000.0
2022-02-27,0.059594,0.060769,0.057451,0.058054,2700000000.0
2022-02-26,0.059406,0.061601,0.058757,0.059594,3530000000.0
2022-02-25,0.061084,0.062793,0.055463,0.059394,5800000000.0
2022-02-24,0.060799,0.061714,0.056137,0.061084,4820000000.0
2022-02-23,0.062648,0.063853,0.060776,0.06079,2970000000.0
2022-02-22,0.059545,0.062743,0.059203,0.062625,3680000000.0
2022-02-21,0.061971,0.063698,0.059353,0.059532,4010000000.0
2022-02-20,0.063479,0.063547,0.061084,0.061961,3130000000.0
2022-02-19,0.063061,0.064386,0.062887,0.063446,2570000000.0
2022-02-18,0.062497,0.06404,0.062152,0.063069,2980000000.0
2022-02-17,0.066366,0.067095,0.062087,0.062492,3000000000.0
2022-02-16,0.066839,0.066926,0.065505,0.06636,2270000000.0
2022-02-15,0.064421,0.06699,0.064367,0.066836,2740000000.0
2022-02-14,0.064264,0.065422,0.063287,0.064421,2670000000.0
2022-02-13,0.06351,0.065003,0.063174,0.064262,2980000000.0
2022-02-12,0.063987,0.065067,0.062173,0.06349,3100000000.0
2022-02-11,0.068486,0.068494,0.063386,0.063965,3420000000.0
2022-02-10,0.069903,0.071635,0.068435,0.068496,3050000000.0
2022-02-09,0.068055,0.070385,0.067418,0.069903,2340000000.0
2022-02-08,0.068519,0.070175,0.066781,0.06804,3360000000.0
2022-02-07,0.06617,0.069329,0.065235,0.068504,2730000000.0
2022-02-06,0.0647,0.066301,0.064419,0.066167,1780000000.0
2022-02-05,0.064415,0.066222,0.063551,0.0647,2300000000.0
2022-02-04,0.059791,0.064528,0.059638,0.064425,3000000000.0
2022-02-03,0.058503,0.059771,0.058304,0.059771,2029999999.9999998
2022-02-02,0.059797,0.061526,0.058466,0.058503,2430000000.0
2022-02-01,0.05905,0.060233,0.058847,0.059802,1900000000.0
2022-01-31,0.05864,0.059368,0.056687,0.05905,2069999999.9999998
2022-01-30,0.060334,0.060479,0.05823,0.058647,2009999999.9999998
2022-01-29,0.057576,0.06037,0.057112,0.06032,2089999999.9999998
2022-01-28,0.056491,0.057663,0.055804,0.057581,2440000000.0
2022-01-27,0.056185,0.057139,0.054449,0.05649,2760000000.0
2022-01-26,0.055884,0.058862,0.055349,0.05618,3560000000.0
2022-01-25,0.05507,0.056094,0.053864,0.055879,3210000000.0
2022-01-24,0.057518,0.057548,0.050624,0.055066,5960000000.0
2022-01-23,0.056804,0.05852,0.05535,0.057526,3710000000.0
2022-01-22,0.061092,0.061952,0.052771,0.056806,6890000000.0
2022-01-21,0.067774,0.068625,0.059787,0.061109,5230000000.0
2022-01-20,0.06914,0.072017,0.067478,0.067777,3250000000.0
2022-01-19,0.068459,0.069639,0.066239,0.06914,4120000000.0
2022-01-18,0.070848,0.07134,0.067477,0.06847,3470000000.0
2022-01-17,0.069868,0.072429,0.068899,0.070843,4099999999.9999995
2022-01-16,0.068445,0.070366,0.06833,0.069862,2570000000.0
2022-01-15,0.067627,0.069332,0.06705,0.068451,2170000000.0
2022-01-14,0.066182,0.068447,0.065903,0.067627,3460000000.0
2022-01-13,0.068071,0.068526,0.065961,0.066179,3520000000.0
2022-01-12,0.064908,0.068285,0.064908,0.068068,2950000000.0
2022-01-11,0.063453,0.065618,0.062944,0.064912,3180000000.0
2022-01-10,0.066109,0.068299,0.061193,0.063453,3900000000.0
2022-01-09,0.065378,0.067218,0.06493,0.0661,2740000000.0
2022-01-08,0.068137,0.069138,0.06403,0.065373,2630000000.0
2022-01-07,0.071077,0.071151,0.066594,0.068137,4710000000.0
2022-01-06,0.071093,0.07147,0.069323,0.071065,6020000000.0
2022-01-05,0.075966,0.077443,0.069163,0.071082,3570000000.0
2022-01-04,0.077046,0.078,0.075797,0.075966,3510000000.0
2022-01-03,0.077634,0.07817,0.076267,0.077035,3320000000.0
2022-01-02,0.076595,0.078317,0.076029,0.077638,3160000000.0
2022-01-01,0.075399,0.076853,0.075243,0.076589,2970000000.0
2021-12-31,0.077841,0.079101,0.073584,0.075403,3340000000.0
2021-12-30,0.076449,0.078593,0.075638,0.077841,2530000000.0
2021-12-29,0.077141,0.080002,0.076177,0.076449,2950000000.0
2021-12-28,0.081127,0.081132,0.07689,0.077121,3550000000.0
2021-12-27,0.081496,0.082699,0.080933,0.08112,2450000000.0
2021-12-26,0.081516,0.081903,0.079739,0.081496,2170000000.0
2021-12-25,0.080826,0.082197,0.080251,0.081487,3110000000.0
2021-12-24,0.082725,0.083156,0.080281,0.080815,2410000000.0
2021-12-23,0.079119,0.08271,0.078075,0.08271,2420000000.0
2021-12-22,0.078849,0.080471,0.078375,0.079121,1930000000.0
2021-12-21,0.077596,0.079342,0.076943,0.078859,2200000000.0
2021-12-20,0.079839,0.080054,0.074908,0.077529,2730000000.0
2021-12-19,0.080434,0.081731,0.079396,0.079846,1930000000.0
2021-12-18,0.079546,0.082288,0.078675,0.080427,1960000000.0
2021-12-17,0.085334,0.085938,0.078307,0.079561,4280000000.0000005
2021-12-16,0.087538,0.088034,0.085229,0.085339,3010000000.0
2021-12-15,0.087067,0.088819,0.079943,0.087544,3710000000.0
2021-12-14,0.084969,0.087669,0.083885,0.087094,3620000000.0
2021-12-13,0.090997,0.09157,0.084105,0.08497,2910000000.0
2021-12-12,0.091252,0.09267,0.089464,0.091032,1970000000.0
2021-12-11,0.087728,0.091779,0.086715,0.091252,1910000000.0
2021-12-10,0.088627,0.092943,0.087559,0.087754,2660000000.0
2021-12-09,0.092314,0.09325,0.088576,0.088625,3110000000.0
2021-12-08,0.089934,0.093718,0.089703,0.092314,3630000000.0
2021-12-07,0.087371,0.092604,0.086677,0.089934,4550000000.0
2021-12-06,0.084297,0.087622,0.078971,0.087449,8470000000.000001
2021-12-05,0.087011,0.087743,0.082186,0.084294,5360000000.0
2021-12-04,0.093886,0.093951,0.074565,0.087016,11610000000.0
2021-12-03,0.097502,0.101752,0.09347,0.093928,8289999999.999999
2021-12-02,0.096876,0.098229,0.094992,0.097504,7080000000.0
2021-12-01,0.096532,0.100515,0.093577,0.096863,4550000000.0
2021-11-30,0.097159,0.111531,0.09498,0.096525,8039999999.999999
2021-11-29,0.095137,0.127705,0.089808,0.097159,6450000000.0
2021-11-28,0.093348,0.095186,0.089525,0.095177,9100000000.0
2021-11-27,0.09209,0.0957,0.091626,0.093377,5720000000.0
2021-11-26,0.10009,0.101718,0.090195,0.092063,9190000000.0
2021-11-25,0.097845,0.102159,0.095353,0.100075,3920000000.0
2021-11-24,0.102879,0.103688,0.096029,0.097883,4810000000.0
2021-11-23,0.101812,0.103406,0.100996,0.102885,5930000000.0
2021-11-22,0.106583,0.107041,0.101193,0.101803,7690000000.0
2021-11-21,0.105185,0.109698,0.104502,0.106655,7190000000.0
2021-11-20,0.103897,0.105645,0.101529,0.105198,7440000000.0
2021-11-19,0.100482,0.105614,0.097983,0.103903,9560000000.0
2021-11-18,0.111191,0.11252,0.099582,0.100503,6510000000.0
2021-11-17,0.109368,0.113635,0.107002,0.111197,6090000000.0
2021-11-16,0.1238,0.1238,0.105762,0.109371,8410000000.0
2021-11-15,0.117026,0.129138,0.115768,0.123804,9100000000.0
2021-11-14,0.112691,0.117323,0.110611,0.117024,5820000000.0
2021-11-13,0.107962,0.113949,0.107547,0.112672,8230000000.0
2021-11-12,0.108932,0.110731,0.104774,0.107962,7330000000.0
2021-11-11,0.106724,0.110451,0.104958,0.108935,6660000000.0
2021-11-10,0.114357,0.117455,0.10325,0.106724,8160000000.0
2021-11-09,0.109943,0.115411,0.108548,0.114351,8950000000.0
2021-11-08,0.104477,0.110092,0.104477,0.109943,8369999999.999999
2021-11-07,0.102471,0.104884,0.10201,0.104471,5990000000.0
2021-11-06,0.103428,0.104235,0.099476,0.102455,5050000000.0
2021-11-05,0.103345,0.106092,0.101963,0.103433,3880000000.0
2021-11-04,0.105867,0.107153,0.101695,0.103348,5880000000.0
2021-11-03,0.107362,0.109199,0.102138,0.105859,7980000000.0
2021-11-02,0.100536,0.110391,0.099816,0.107346,7960000000.0
2021-11-01,0.101507,0.102036,0.098013,0.100524,3460000000.0
2021-10-31,0.101106,0.102367,0.097545,0.101504,6690000000.0
2021-10-30,0.099469,0.104652,0.09787,0.101099,8359999999.999999
2021-10-29,0.095284,0.099453,0.094691,0.099453,7440000000.0
2021-10-28,0.090614,0.096225,0.090614,0.095284,9570000000.0
2021-10-27,0.101108,0.102653,0.089344,0.090593,7070000000.0
2021-10-26,0.100747,0.105637,0.100241,0.101108,6390000000.0
2021-10-25,0.098107,0.1014,0.097846,0.100756,4980000000.0
2021-10-24,0.100662,0.101416,0.097289,0.098121,3030000000.0
2021-10-23,0.099811,0.101198,0.098633,0.100659,3160000000.0
2021-10-22,0.099562,0.101947,0.098653,0.099811,3760000000.0
2021-10-21,0.103202,0.105937,0.099413,0.099573,4910000000.0
2021-10-20,0.100549,0.106086,0.100082,0.103306,5350000000.0
2021-10-19,0.098091,0.100903,0.097872,0.10057,3750000000.0
2021-10-18,0.098701,0.099329,0.096988,0.098103,2740000000.0
2021-10-17,0.09865,0.102075,0.096477,0.098696,2770000000.0
2021-10-16,0.098628,0.100942,0.098197,0.098536,1840000000.0
2021-10-15,0.097147,0.102656,0.09521,0.098594,4080000000.0
2021-10-14,0.097908,0.099508,0.096412,0.097147,2930000000.0
2021-10-13,0.095311,0.097997,0.093468,0.097895,3470000000.0
2021-10-12,0.097112,0.097112,0.091526,0.095311,3730000000.0
2021-10-11,0.097501,0.100914,0.095118,0.097133,2840000000.0
2021-10-10,0.103074,0.103087,0.097217,0.097555,3390000000.0
2021-10-09,0.097688,0.10556,0.097125,0.102997,6530000000.0
2021-10-08,0.095481,0.099369,0.095257,0.097645,5730000000.0
2021-10-07,0.095481,0.098286,0.09341,0.095415,6410000000.0
2021-10-06,0.096222,0.096992,0.09104,0.09547,6950000000.0
2021-10-05,0.093512,0.098471,0.092897,0.096203,8279999999.999999
2021-10-04,0.09496,0.095165,0.090045,0.093521,4520000000.0
2021-10-03,0.09342,0.096643,0.092581,0.094983,2260000000.0
2021-10-02,0.094793,0.095853,0.092353,0.093444,2210000000.0
2021-10-01,0.089418,0.094807,0.088514,0.094775,2930000000.0
2021-09-30,0.085824,0.089652,0.08552,0.089426,2310000000.0
2021-09-29,0.08308,0.087931,0.082594,0.085815,3200000000.0
2021-09-28,0.08598,0.087182,0.082966,0.083076,3500000000.0
2021-09-27,0.087713,0.090568,0.085968,0.085989,3890000000.0
2021-09-26,0.090528,0.09079,0.083331,0.087699,5060000000.0
2021-09-25,0.092248,0.093681,0.089311,0.090566,3830000000.0
2021-09-24,0.099201,0.099366,0.086125,0.092258,5120000000.0
2021-09-23,0.098743,0.100619,0.096136,0.099186,2920000000.0
2021-09-22,0.088248,0.098757,0.086683,0.098757,3990000000.0
2021-09-21,0.091351,0.095592,0.08692,0.088162,5950000000.0
2021-09-20,0.103699,0.10373,0.089649,0.091344,7240000000.0
2021-09-19,0.105888,0.107464,0.102466,0.103716,2650000000.0
2021-09-18,0.105324,0.109083,0.103537,0.105884,2260000000.0
2021-09-17,0.115932,0.120524,0.103609,0.105205,5880000000.0
2021-09-16,0.120803,0.122226,0.112357,0.115983,4370000000.0
2021-09-15,0.118238,0.122776,0.113472,0.120803,4630000000.0
2021-09-14,0.104662,0.120112,0.10415,0.118217,7690000000.0
2021-09-13,0.11242,0.116942,0.099106,0.104667,7410000000.0
2021-09-12,0.095533,0.117991,0.093856,0.112439,12260000000.0
2021-09-11,0.090762,0.096943,0.090439,0.095522,6800000000.0
2021-09-10,0.093027,0.095794,0.086433,0.090782,7110000000.0
2021-09-09,0.092737,0.094546,0.090221,0.093018,4970000000.0
2021-09-08,0.085282,0.096614,0.08352,0.092716,15880000000.0
2021-09-07,0.103818,0.105933,0.078346,0.085254,7830000000.0
2021-09-06,0.104993,0.107236,0.101271,0.103808,3490000000.0
2021-09-05,0.101377,0.105053,0.101088,0.104944,3440000000.0
2021-09-04,0.101355,0.10341,0.099363,0.101378,3330000000.0
2021-09-03,0.10048,0.105882,0.097839,0.101355,4940000000.0
2021-09-02,0.094988,0.102105,0.093446,0.100553,4480000000.0
2021-09-01,0.088794,0.09524,0.087265,0.095004,3520000000.0
2021-08-31,0.08612,0.090428,0.085161,0.088803,4280000000.0000005
2021-08-30,0.08847,0.088785,0.085502,0.086127,2670000000.0
2021-08-29,0.088263,0.090128,0.086802,0.088476,3040000000.0
2021-08-28,0.088285,0.088748,0.086295,0.088254,2100000000.0
2021-08-27,0.083073,0.088295,0.08159,0.088295,3310000000.0
2021-08-26,0.086883,0.088354,0.081471,0.083023,3610000000.0
2021-08-25,0.084635,0.087774,0.082823,0.086884,3090000000.0
2021-08-24,0.089915,0.091066,0.083949,0.084638,4850000000.0
2021-08-23,0.087954,0.096638,0.08769,0.089922,4139999999.9999995
2021-08-22,0.087985,0.090296,0.085965,0.087953,2109999999.9999998
2021-08-21,0.090286,0.090472,0.086789,0.087986,2880000000.0
2021-08-20,0.088311,0.090666,0.086533,0.090286,2630000000.0
2021-08-19,0.08457,0.088321,0.081737,0.088306,3470000000.0
2021-08-18,0.085224,0.087339,0.081927,0.084582,3530000000.0
2021-08-17,0.089344,0.092381,0.085031,0.085237,3820000000.0
2021-08-16,0.092955,0.096427,0.088409,0.089361,4160000000.0
2021-08-15,0.092423,0.095044,0.089322,0.092962,3870000000.0
2021-08-14,0.089498,0.09316,0.086848,0.092427,3450000000.0
2021-08-13,0.084004,0.089543,0.083064,0.089496,3260000000.0
2021-08-12,0.083114,0.091115,0.080613,0.08399,6020000000.0
2021-08-11,0.074587,0.086325,0.074269,0.083118,5860000000.0
2021-08-10,0.07394,0.075608,0.072245,0.074588,3320000000.0
2021-08-09,0.071923,0.075096,0.069951,0.073966,3420000000.0
2021-08-08,0.074825,0.076066,0.070949,0.071885,3750000000.0
2021-08-07,0.071873,0.076497,0.071829,0.074842,3360000000.0
2021-08-06,0.070138,0.072279,0.069836,0.071873,2740000000.0
2021-08-05,0.067786,0.070761,0.067355,0.070136,4120000000.0
2021-08-04,0.064012,0.068252,0.063537,0.067786,2850000000.0
2021-08-03,0.064629,0.065815,0.062843,0.06401,3310000000.0
2021-08-02,0.064058,0.065593,0.062624,0.064629,2720000000.0
2021-08-01,0.063924,0.06712,0.062804,0.064058,3090000000.0
2021-07-31,0.063218,0.065168,0.061193,0.063921,2930000000.0
2021-07-30,0.061861,0.064247,0.059806,0.063204,2530000000.0
2021-07-29,0.060693,0.062121,0.060013,0.061843,2530000000.0
2021-07-28,0.060204,0.062809,0.059737,0.060688,2960000000.0
2021-07-27,0.058754,0.061285,0.057181,0.060213,3480000000.0
2021-07-26,0.057898,0.063944,0.05767,0.058761,4830000000.0
2021-07-25,0.05704,0.058079,0.056439,0.057899,2950000000.0
2021-07-24,0.056002,0.056932,0.055782,0.056619,2960000000.0
2021-07-23,0.05526,0.05616,0.053749,0.055989,3050000000.0
2021-07-22,0.053852,0.055332,0.05298,0.055265,3140000000.0
2021-07-21,0.050488,0.055161,0.049755,0.053846,3520000000.0
2021-07-20,0.053431,0.054178,0.049144,0.050495,2980000000.0
2021-07-19,0.055932,0.056232,0.053338,0.053428,2980000000.0
2021-07-18,0.055974,0.057482,0.055381,0.055927,2570000000.0
2021-07-17,0.055593,0.056663,0.054774,0.055974,2740000000.0
2021-07-16,0.057848,0.058796,0.055593,0.055593,2800000000.0
2021-07-15,0.059894,0.060718,0.057091,0.057846,2990000000.0
2021-07-14,0.059362,0.060272,0.056899,0.059882,2710000000.0
2021-07-13,0.06009,0.060691,0.058727,0.059359,2250000000.0
2021-07-12,0.06186,0.062771,0.059559,0.060111,2350000000.0
2021-07-11,0.061425,0.062512,0.060624,0.061845,2130000000.0
2021-07-10,0.062198,0.06302,0.060636,0.061404,2230000000.0
2021-07-09,0.061071,0.062526,0.059518,0.062196,2230000000.0
2021-07-08,0.064327,0.064459,0.060456,0.061074,4269999999.9999995
2021-07-07,0.064945,0.065959,0.064225,0.064332,3020000000.0
2021-07-06,0.064505,0.066399,0.06392,0.06495,2830000000.0
2021-07-05,0.067354,0.067385,0.063629,0.064515,3580000000.0
2021-07-04,0.066715,0.068244,0.066333,0.067366,3180000000.0
2021-07-03,0.066552,0.06739,0.065207,0.066715,2900000000.0
2021-07-02,0.064749,0.066566,0.06326,0.066552,3730000000.0
2021-07-01,0.068185,0.068275,0.063695,0.064768,4360000000.0
2021-06-30,0.067849,0.068739,0.063908,0.068185,6520000000.0
2021-06-29,0.065315,0.069804,0.065242,0.067788,5330000000.0
2021-06-28,0.064753,0.066463,0.064241,0.065295,2920000000.0
2021-06-27,0.06271,0.064897,0.061031,0.064737,3100000000.0
2021-06-26,0.061424,0.062938,0.058912,0.062714,4540000000.0
2021-06-25,0.066083,0.068512,0.060156,0.061455,6820000000.0
2021-06-24,0.057981,0.067897,0.057827,0.06608,8400000000.0
2021-06-23,0.050948,0.057964,0.049438,0.057958,6240000000.0
2021-06-22,0.053501,0.056341,0.046406,0.050937,9860000000.0
2021-06-21,0.067676,0.06799,0.053352,0.053607,6540000000.0
2021-06-20,0.068342,0.068644,0.063316,0.067651,2920000000.0
2021-06-19,0.069501,0.070125,0.068291,0.068386,2340000000.0
2021-06-18,0.073858,0.074728,0.068244,0.069481,4370000000.0
2021-06-17,0.068963,0.073928,0.068278,0.073848,3210000000.0
2021-06-16,0.071756,0.072716,0.065533,0.068951,3680000000.0
2021-06-15,0.072027,0.073098,0.070883,0.071756,2600000000.0
2021-06-14,0.071452,0.072733,0.070017,0.072026,3130000000.0
2021-06-13,0.068003,0.071849,0.066612,0.071466,2800000000.0
2021-06-12,0.069172,0.069181,0.065777,0.068006,3350000000.0
2021-06-11,0.072555,0.073307,0.068505,0.069147,3610000000.0
2021-06-10,0.075335,0.077061,0.071472,0.072549,5970000000.0
2021-06-09,0.07247,0.075339,0.070026,0.075332,4720000000.0
2021-06-08,0.07171,0.073174,0.067369,0.072472,6590000000.0
2021-06-07,0.077433,0.078573,0.071142,0.071721,3700000000.0
2021-06-06,0.075534,0.077455,0.075369,0.07743,3140000000.0
2021-06-05,0.077377,0.08151,0.074263,0.075546,4360000000.0
2021-06-04,0.082215,0.082851,0.073837,0.077377,6570000000.0
2021-06-03,0.078038,0.082461,0.077187,0.082145,5010000000.0
2021-06-02,0.076095,0.079538,0.074175,0.078039,5150000000.0
2021-06-01,0.076813,0.077442,0.073713,0.076095,7880000000.0
2021-05-31,0.071982,0.076899,0.0698,0.076858,5420000000.0
2021-05-30,0.068712,0.073143,0.066571,0.072003,5560000000.0
2021-05-29,0.072078,0.074402,0.067084,0.068703,7420000000.0
2021-05-28,0.079467,0.081528,0.070325,0.072069,7210000000.0
2021-05-27,0.083124,0.083172,0.076364,0.079285,6860000000.0
2021-05-26,0.077082,0.084323,0.076056,0.083096,10370000000.0
2021-05-25,0.076796,0.080882,0.071364,0.077086,9780000000.0
2021-05-24,0.062881,0.076785,0.06193,0.076785,11960000000.0
2021-05-23,0.07533,0.07699,0.055695,0.062867,12140000000.0
2021-05-22,0.07787,0.079071,0.070914,0.07529,7000000000.0
2021-05-21,0.089186,0.093117,0.071317,0.07787,10100000000.0
2021-05-20,0.078857,0.092988,0.073724,0.0892,11210000000.0
2021-05-19,0.116355,0.117696,0.064799,0.078846,20460000000.0
2021-05-18,0.112827,0.119849,0.111848,0.116377,5660000000.0
2021-05-17,0.119568,0.119733,0.108614,0.112809,8470000000.000001
2021-05-16,0.120592,0.131129,0.114865,0.119535,8990000000.0
2021-05-15,0.12479,0.127051,0.118278,0.120594,8210000000.000001
